Name,Bridge number,Alternating?,Tunnel number,Montesinos?,Montesinos fraction,Lustig-Moriah?
11a_1,3,Y,1,Y,"[1/2, 3/5, 5/7]",N
11a_2,3,Y,2,N,n/a,N
11a_3,3,Y,2,N,n/a,N
11a_4,3,Y,1,Y,"[1/2, 3/5, 2/7]",N
11a_5,3,Y,1,Y,"[1/2, 3/5, 7/5]",N
11a_6,3,Y,1,Y,"[1/2, 3/5, 8/5]",N
11a_7,3,Y,1,Y,"[1/2, 3/5, 4/5]",N
11a_8,3,Y,1,Y,"[1/2, 3/5, 4/7]",N
11a_9,3,Y,1,Y,"[1/2, 3/5, 1/5]",N
11a_10,3,Y,1,Y,"[1/2, 3/5, 3/7]",N
11a_11,3,Y,1,Y,"[1/2, 2/3, 13/5]",N
11a_12,3,Y,1,Y,"[1/2, 1/3, 13/5]",N
11a_13,2,Y,1,N,n/a,N
11a_14,3,Y,2,N,n/a,N
11a_15,3,Y,2,N,n/a,N
11a_16,3,Y,1,Y,"[1/2, 2/3, 7/9]",N
11a_17,3,Y,2,N,n/a,N
11a_18,3,Y,2,N,n/a,N
11a_19,3,Y,2,N,n/a,N
11a_20,3,Y,2,N,n/a,N
11a_21,3,Y,1,Y,"[1/2, 2/3, 2/9]",N
11a_22,3,Y,2,N,n/a,N
11a_23,3,Y,1,Y,"[1/2, 2/3, 9/7]",N
11a_24,3,Y,2,N,n/a,N
11a_25,3,Y,2,N,n/a,N
11a_26,3,Y,2,N,n/a,N
11a_27,3,Y,2,N,n/a,N
11a_28,3,Y,2,N,n/a,N
11a_29,3,Y,2,N,n/a,N
11a_30,3,Y,2,N,n/a,N
11a_31,3,Y,1,Y,"[1/2, 2/3, 8/11]",N
11a_32,3,Y,1,Y,"[1/2, 2/3, 8/13]",N
11a_33,3,Y,1,Y,"[1/2, 2/3, 3/11]",N
11a_34,3,Y,1,Y,"[1/2, 2/3, 7/11]",N
11a_35,3,Y,1,Y,"[1/2, 2/3, 5/13]",N
11a_36,3,Y,1,Y,"[1/2, 2/3, 12/7]",N
11a_37,3,Y,1,Y,"[1/2, 2/3, 5/9]",N
11a_38,3,Y,2,N,n/a,N
11a_39,3,Y,1,Y,"[1/2, 2/3, 4/11]",N
11a_40,3,Y,1,Y,"[1/2, 2/3, 9/5]",N
11a_41,3,Y,1,Y,"[1/2, 2/3, 11/7]",N
11a_42,3,Y,1,Y,"[1/2, 2/3, 12/5]",N
11a_43,4,Y,2,Y,"[1/2, 2/3, 2/3, 2/3]",N
11a_44,4,Y,2,Y,"[1/2, 2/3, 2/3, 1/3]",N
11a_45,3,Y,1,Y,"[1/2, 2/3, 4/9]",N
11a_46,3,Y,1,Y,"[1/2, 2/3, 11/3]",N
11a_47,4,Y,2,Y,"[1/2, 2/3, 1/3, 2/3]",N
11a_48,3,Y,1,Y,"[1/2, 2/5, 5/7]",N
11a_49,3,Y,2,N,n/a,N
11a_50,3,Y,1,Y,"[1/2, 2/5, 2/7]",N
11a_51,3,Y,1,Y,"[1/2, 2/5, 7/5]",N
11a_52,3,Y,2,N,n/a,N
11a_53,3,Y,2,N,n/a,N
11a_54,3,Y,2,N,n/a,N
11a_55,3,Y,1,Y,"[1/2, 2/3, 6/5]",N
11a_56,3,Y,1,Y,"[1/2, 2/3, 10/7]",N
11a_57,4,Y,2,Y,"[1/2, 2/3, 1/3, 1/3]",N
11a_58,3,Y,1,Y,"[1/2, 2/3, 10/3]",N
11a_59,2,Y,1,N,n/a,N
11a_60,3,Y,1,Y,"[1/2, 2/5, 4/5]",N
11a_61,3,Y,1,Y,"[1/2, 2/5, 4/7]",N
11a_62,3,Y,1,Y,"[1/2, 2/5, 1/5]",N
11a_63,3,Y,1,Y,"[1/2, 2/5, 3/7]",N
11a_64,3,Y,1,Y,"[1/2, 1/3, 12/5]",N
11a_65,2,Y,1,N,n/a,N
11a_66,3,Y,2,N,n/a,N
11a_67,3,Y,2,N,n/a,N
11a_68,3,Y,2,N,n/a,N
11a_69,3,Y,2,N,n/a,N
11a_70,3,Y,2,N,n/a,N
11a_71,3,Y,2,N,n/a,N
11a_72,3,Y,2,N,n/a,N
11a_73,3,Y,2,N,n/a,N
11a_74,3,Y,1,Y,"[1/2, 1/3, 3/11]",N
11a_75,2,Y,1,N,n/a,N
11a_76,3,Y,2,N,n/a,N
11a_77,2,Y,1,N,n/a,N
11a_78,3,Y,2,Y,"[2/3, 2/3, 7/5]",N
11a_79,3,Y,2,N,n/a,N
11a_80,3,Y,2,N,n/a,N
11a_81,3,Y,2,N,n/a,N
11a_82,3,Y,1,Y,"[1/2, 1/3, 5/13]",N
11a_83,3,Y,1,Y,"[1/2, 1/3, 8/13]",N
11a_84,2,Y,1,N,n/a,N
11a_85,2,Y,1,N,n/a,N
11a_86,3,Y,2,Y,"[2/3, 3/5, 1/4]",N
11a_87,3,Y,2,Y,"[2/3, 3/5, 3/4]",N
11a_88,3,Y,2,Y,"[1/3, 3/5, 3/4]",N
11a_89,2,Y,1,N,n/a,N
11a_90,2,Y,1,N,n/a,N
11a_91,2,Y,1,N,n/a,N
11a_92,3,Y,1,Y,"[1/2, 1/3, 8/11]",N
11a_93,2,Y,1,N,n/a,N
11a_94,3,Y,1,Y,"[1/2, 1/3, 12/7]",N
11a_95,2,Y,1,N,n/a,N
11a_96,2,Y,1,N,n/a,N
11a_97,3,Y,2,Y,"[1/3, 3/5, 1/4]",N
11a_98,2,Y,1,N,n/a,N
11a_99,3,Y,2,N,n/a,N
11a_100,3,Y,2,Y,"[2/3, 2/3, 5/8]",N
11a_101,3,Y,2,N,n/a,N
11a_102,3,Y,2,N,n/a,N
11a_103,3,Y,2,Y,"[2/3, 1/3, 2/7]",N
11a_104,3,Y,2,Y,"[2/3, 3/5, 2/5]",N
11a_105,3,Y,2,Y,"[2/3, 2/5, 3/4]",N
11a_106,3,Y,2,Y,"[2/3, 2/3, 5/4]",N
11a_107,3,Y,2,Y,"[2/3, 2/3, 7/4]",N
11a_108,3,Y,2,Y,"[2/3, 1/3, 3/8]",N
11a_109,3,Y,2,Y,"[2/3, 1/3, 5/8]",N
11a_110,2,Y,1,N,n/a,N
11a_111,2,Y,1,N,n/a,N
11a_112,3,Y,2,N,n/a,N
11a_113,3,Y,2,N,n/a,N
11a_114,3,Y,2,N,n/a,N
11a_115,3,Y,2,N,n/a,N
11a_116,3,Y,2,N,n/a,N
11a_117,2,Y,1,N,n/a,N
11a_118,3,Y,1,Y,"[1/2, 1/3, 7/9]",N
11a_119,2,Y,1,N,n/a,N
11a_120,2,Y,1,N,n/a,N
11a_121,2,Y,1,N,n/a,N
11a_122,3,Y,2,N,n/a,N
11a_123,3,Y,2,N,n/a,N
11a_124,3,Y,2,N,n/a,N
11a_125,3,Y,2,N,n/a,N
11a_126,3,Y,2,N,n/a,N
11a_127,3,Y,2,N,n/a,N
11a_128,3,Y,2,Y,"[2/3, 2/3, 5/7]",N
11a_129,3,Y,2,N,n/a,N
11a_130,3,Y,2,N,n/a,N
11a_131,3,Y,2,N,n/a,N
11a_132,3,Y,2,N,n/a,N
11a_133,3,Y,2,Y,"[2/3, 2/5, 1/4]",N
11a_134,3,Y,2,Y,"[2/3, 2/3, 3/8]",N
11a_135,3,Y,2,N,n/a,N
11a_136,3,Y,2,N,n/a,N
11a_137,3,Y,2,N,n/a,N
11a_138,3,Y,2,N,n/a,N
11a_139,3,Y,2,Y,"[2/3, 1/3, 7/4]",N
11a_140,2,Y,1,N,n/a,N
11a_141,3,Y,2,N,n/a,N
11a_142,3,Y,2,Y,"[1/3, 2/5, 1/4]",N
11a_143,3,Y,2,Y,"[1/3, 2/5, 3/4]",N
11a_144,2,Y,1,N,n/a,N
11a_145,2,Y,1,N,n/a,N
11a_146,3,Y,2,N,n/a,N
11a_147,3,Y,2,N,n/a,N
11a_148,3,Y,2,N,n/a,N
11a_149,3,Y,2,N,n/a,N
11a_150,3,Y,2,N,n/a,N
11a_151,3,Y,2,N,n/a,N
11a_152,3,Y,2,N,n/a,N
11a_153,3,Y,1,Y,"[1/2, 1/3, 9/7]",N
11a_154,2,Y,1,N,n/a,N
11a_155,3,Y,2,N,n/a,N
11a_156,3,Y,2,N,n/a,N
11a_157,3,Y,2,N,n/a,N
11a_158,3,Y,2,N,n/a,N
11a_159,2,Y,1,N,n/a,N
11a_160,3,Y,2,N,n/a,N
11a_161,3,Y,1,Y,"[1/2, 1/3, 2/9]",N
11a_162,3,Y,2,N,n/a,N
11a_163,3,Y,2,N,n/a,N
11a_164,3,Y,2,N,n/a,N
11a_165,3,Y,2,Y,"[2/3, 1/3, 5/4]",N
11a_166,2,Y,1,N,n/a,N
11a_167,3,Y,2,N,n/a,N
11a_168,3,Y,2,N,n/a,N
11a_169,3,Y,2,N,n/a,N
11a_170,3,Y,2,N,n/a,N
11a_171,3,Y,2,N,n/a,N
11a_172,3,Y,2,N,n/a,N
11a_173,3,Y,2,N,n/a,N
11a_174,2,Y,1,N,n/a,N
11a_175,2,Y,1,N,n/a,N
11a_176,2,Y,1,N,n/a,N
11a_177,2,Y,1,N,n/a,N
11a_178,2,Y,1,N,n/a,N
11a_179,2,Y,1,N,n/a,N
11a_180,2,Y,1,N,n/a,N
11a_181,3,Y,2,Y,"[2/3, 2/3, 7/3]",Y
11a_182,2,Y,1,N,n/a,N
11a_183,2,Y,1,N,n/a,N
11a_184,2,Y,1,N,n/a,N
11a_185,2,Y,1,N,n/a,N
11a_186,2,Y,1,N,n/a,N
11a_187,3,Y,2,Y,"[2/3, 1/3, 8/5]",N
11a_188,2,Y,1,N,n/a,N
11a_189,3,Y,2,N,n/a,N
11a_190,2,Y,1,N,n/a,N
11a_191,2,Y,1,N,n/a,N
11a_192,2,Y,1,N,n/a,N
11a_193,2,Y,1,N,n/a,N
11a_194,3,Y,2,Y,"[1/3, 1/3, 5/8]",N
11a_195,2,Y,1,N,n/a,N
11a_196,3,Y,2,N,n/a,N
11a_197,3,Y,2,N,n/a,N
11a_198,3,Y,2,Y,"[1/3, 3/5, 3/5]",N
11a_199,3,Y,2,Y,"[2/3, 1/3, 4/7]",N
11a_200,3,Y,2,Y,"[1/3, 2/5, 2/5]",N
11a_201,3,Y,2,Y,"[2/3, 1/3, 4/5]",N
11a_202,3,Y,2,Y,"[2/3, 2/3, 3/7]",N
11a_203,2,Y,1,N,n/a,N
11a_204,2,Y,1,N,n/a,N
11a_205,2,Y,1,N,n/a,N
11a_206,2,Y,1,N,n/a,N
11a_207,2,Y,1,N,n/a,N
11a_208,2,Y,1,N,n/a,N
11a_209,3,Y,2,N,n/a,N
11a_210,2,Y,1,N,n/a,N
11a_211,2,Y,1,N,n/a,N
11a_212,3,Y,2,N,n/a,N
11a_213,3,Y,2,N,n/a,N
11a_214,3,Y,2,Y,"[2/3, 2/3, 1/5]",N
11a_215,3,Y,2,N,n/a,N
11a_216,3,Y,2,N,n/a,N
11a_217,3,Y,2,N,n/a,N
11a_218,3,Y,2,N,n/a,N
11a_219,3,Y,2,Y,"[1/3, 1/3, 5/7]",N
11a_220,2,Y,1,N,n/a,N
11a_221,3,Y,1,Y,"[1/2, 1/3, 9/5]",N
11a_222,3,Y,1,Y,"[1/2, 1/3, 11/7]",N
11a_223,3,Y,2,Y,"[1/3, 1/3, 3/8]",N
11a_224,2,Y,1,N,n/a,N
11a_225,2,Y,1,N,n/a,N
11a_226,2,Y,1,N,n/a,N
11a_227,3,Y,2,N,n/a,N
11a_228,3,Y,2,N,n/a,N
11a_229,2,Y,1,N,n/a,N
11a_230,2,Y,1,N,n/a,N
11a_231,4,Y,2,Y,"[1/2, 1/3, 2/3, 1/3]",N
11a_232,3,Y,2,N,n/a,N
11a_233,3,Y,2,N,n/a,N
11a_234,2,Y,1,N,n/a,N
11a_235,2,Y,1,N,n/a,N
11a_236,2,Y,1,N,n/a,N
11a_237,3,Y,2,Y,"[1/3, 1/3, 7/5]",N
11a_238,2,Y,1,N,n/a,N
11a_239,3,Y,2,N,n/a,N
11a_240,3,Y,1,Y,"[1/2, 1/3, 6/5]",N
11a_241,3,Y,1,Y,"[1/2, 1/3, 10/7]",N
11a_242,2,Y,1,N,n/a,N
11a_243,2,Y,1,N,n/a,N
11a_244,3,Y,2,N,n/a,N
11a_245,3,Y,1,Y,"[1/2, 1/3, 10/3]",N
11a_246,2,Y,1,N,n/a,N
11a_247,2,Y,1,N,n/a,N
11a_248,3,Y,2,N,n/a,N
11a_249,3,Y,2,N,n/a,N
11a_250,3,Y,2,N,n/a,N
11a_251,3,Y,2,N,n/a,N
11a_252,3,Y,2,N,n/a,N
11a_253,3,Y,2,N,n/a,N
11a_254,3,Y,2,N,n/a,N
11a_255,3,Y,2,N,n/a,N
11a_256,3,Y,2,N,n/a,N
11a_257,3,Y,1,Y,"[1/2, 1/3, 7/11]",N
11a_258,3,Y,1,Y,"[1/2, 1/3, 5/9]",N
11a_259,3,Y,1,Y,"[1/2, 1/3, 4/11]",N
11a_260,3,Y,1,Y,"[1/2, 1/3, 4/9]",N
11a_261,3,Y,2,N,n/a,N
11a_262,3,Y,2,N,n/a,N
11a_263,4,Y,2,Y,"[1/2, 1/3, 1/3, 1/3]",N
11a_264,3,Y,2,N,n/a,N
11a_265,3,Y,2,N,n/a,N
11a_266,3,Y,2,N,n/a,N
11a_267,3,Y,2,N,n/a,N
11a_268,3,Y,2,N,n/a,N
11a_269,3,Y,2,N,n/a,N
11a_270,3,Y,2,N,n/a,N
11a_271,3,Y,2,N,n/a,N
11a_272,3,Y,2,N,n/a,N
11a_273,3,Y,2,N,n/a,N
11a_274,3,Y,2,N,n/a,N
11a_275,3,Y,2,N,n/a,N
11a_276,3,Y,2,N,n/a,N
11a_277,3,Y,2,N,n/a,N
11a_278,3,Y,2,N,n/a,N
11a_279,3,Y,2,N,n/a,N
11a_280,3,Y,2,N,n/a,N
11a_281,3,Y,2,N,n/a,N
11a_282,3,Y,2,N,n/a,N
11a_283,3,Y,2,N,n/a,N
11a_284,3,Y,2,N,n/a,N
11a_285,3,Y,2,N,n/a,N
11a_286,3,Y,2,N,n/a,N
11a_287,3,Y,2,N,n/a,N
11a_288,3,Y,2,N,n/a,N
11a_289,3,Y,2,N,n/a,N
11a_290,3,Y,2,N,n/a,N
11a_291,3,Y,2,N,n/a,N
11a_292,3,Y,2,N,n/a,N
11a_293,3,Y,2,N,n/a,N
11a_294,3,Y,2,N,n/a,N
11a_295,3,Y,2,N,n/a,N
11a_296,3,Y,2,N,n/a,N
11a_297,3,Y,2,N,n/a,N
11a_298,3,Y,2,N,n/a,N
11a_299,3,Y,2,N,n/a,N
11a_300,3,Y,2,N,n/a,N
11a_301,3,Y,2,N,n/a,N
11a_302,3,Y,2,N,n/a,N
11a_303,3,Y,2,N,n/a,N
11a_304,3,Y,2,N,n/a,N
11a_305,3,Y,2,N,n/a,N
11a_306,2,Y,1,N,n/a,N
11a_307,2,Y,1,N,n/a,N
11a_308,2,Y,1,N,n/a,N
11a_309,2,Y,1,N,n/a,N
11a_310,2,Y,1,N,n/a,N
11a_311,2,Y,1,N,n/a,N
11a_312,3,Y,2,N,n/a,N
11a_313,3,Y,2,N,n/a,N
11a_314,3,Y,2,N,n/a,N
11a_315,3,Y,2,N,n/a,N
11a_316,3,Y,2,N,n/a,N
11a_317,3,Y,2,N,n/a,N
11a_318,3,Y,2,N,n/a,N
11a_319,3,Y,2,N,n/a,N
11a_320,3,Y,2,N,n/a,N
11a_321,3,Y,2,N,n/a,N
11a_322,3,Y,2,N,n/a,N
11a_323,3,Y,2,N,n/a,N
11a_324,3,Y,2,N,n/a,N
11a_325,3,Y,2,N,n/a,N
11a_326,3,Y,2,N,n/a,N
11a_327,3,Y,2,N,n/a,N
11a_328,3,Y,2,N,n/a,N
11a_329,3,Y,2,N,n/a,N
11a_330,3,Y,2,N,n/a,N
11a_331,3,Y,2,N,n/a,N
11a_332,3,Y,2,N,n/a,N
11a_333,2,Y,1,N,n/a,N
11a_334,2,Y,1,N,n/a,N
11a_335,2,Y,1,N,n/a,N
11a_336,2,Y,1,N,n/a,N
11a_337,2,Y,1,N,n/a,N
11a_338,3,Y,2,Y,"[1/3, 1/3, 5/4]",N
11a_339,2,Y,1,N,n/a,N
11a_340,3,Y,2,Y,"[1/3, 1/3, 7/4]",N
11a_341,2,Y,1,N,n/a,N
11a_342,2,Y,1,N,n/a,N
11a_343,2,Y,1,N,n/a,N
11a_344,3,Y,2,N,n/a,N
11a_345,3,Y,2,N,n/a,N
11a_346,3,Y,2,N,n/a,N
11a_347,3,Y,2,N,n/a,N
11a_348,3,Y,2,N,n/a,N
11a_349,3,Y,2,N,n/a,N
11a_350,3,Y,2,N,n/a,N
11a_351,3,Y,2,N,n/a,N
11a_352,3,Y,2,N,n/a,N
11a_353,3,Y,2,N,n/a,N
11a_354,3,Y,2,N,n/a,N
11a_355,2,Y,1,N,n/a,N
11a_356,2,Y,1,N,n/a,N
11a_357,2,Y,1,N,n/a,N
11a_358,2,Y,1,N,n/a,N
11a_359,2,Y,1,N,n/a,N
11a_360,2,Y,1,N,n/a,N
11a_361,3,Y,2,Y,"[1/3, 1/3, 3/7]",N
11a_362,3,Y,2,Y,"[1/3, 1/3, 1/5]",N
11a_363,2,Y,1,N,n/a,N
11a_364,2,Y,1,N,n/a,N
11a_365,2,Y,1,N,n/a,N
11a_366,3,Y,2,Y,"[1/3, 1/3, 7/3]",Y
11a_367,2,Y,1,N,n/a,N
11n_1,3,N,1,Y,"[1/2, 3/5, -5/7]",N
11n_2,3,N,1,Y,"[1/2, 3/5, -2/7]",N
11n_3,3,N,1,Y,"[1/2, -3/5, 5/7]",N
11n_4,3,N,,N,n/a,N
11n_5,3,N,,N,n/a,N
11n_6,3,N,,N,n/a,N
11n_7,3,N,,N,n/a,N
11n_8,3,N,,N,n/a,N
11n_9,3,N,,N,n/a,N
11n_10,3,N,,N,n/a,N
11n_11,3,N,,N,n/a,N
11n_12,3,N,1,Y,"[1/2, -3/5, 2/7]",N
11n_13,3,N,1,Y,"[1/2, 3/5, -4/5]",N
11n_14,3,N,1,Y,"[1/2, 3/5, -1/5]",N
11n_15,3,N,1,Y,"[1/2, -3/5, 4/5]",N
11n_16,3,N,1,Y,"[1/2, 3/5, -4/7]",N
11n_17,3,N,1,Y,"[1/2, 3/5, -3/7]",N
11n_18,3,N,1,Y,"[1/2, -3/5, 4/7]",N
11n_19,3,N,1,Y,"[1/2, -3/5, 1/5]",N
11n_20,3,N,1,Y,"[1/2, -3/5, 3/7]",N
11n_21,3,N,,N,n/a,N
11n_22,3,N,,N,n/a,N
11n_23,3,N,,N,n/a,N
11n_24,3,N,,N,n/a,N
11n_25,3,N,,N,n/a,N
11n_26,3,N,,N,n/a,N
11n_27,3,N,,N,n/a,N
11n_28,3,N,1,Y,"[1/2, 2/3, -7/9]",N
11n_29,3,N,1,Y,"[1/2, 2/3, -2/9]",N
11n_30,3,N,1,Y,"[1/2, -2/3, 7/9]",N
11n_31,3,N,,N,n/a,N
11n_32,3,N,,N,n/a,N
11n_33,3,N,,N,n/a,N
11n_34,3,N,,N,n/a,N
11n_35,3,N,,N,n/a,N
11n_36,3,N,,N,n/a,N
11n_37,3,N,,N,n/a,N
11n_38,3,N,1,Y,"[1/2, -2/3, 2/9]",N
11n_39,3,N,,N,n/a,N
11n_40,3,N,,N,n/a,N
11n_41,3,N,,N,n/a,N
11n_42,3,N,,N,n/a,N
11n_43,3,N,,N,n/a,N
11n_44,3,N,,N,n/a,N
11n_45,3,N,,N,n/a,N
11n_46,3,N,,N,n/a,N
11n_47,3,N,,N,n/a,N
11n_48,3,N,2,Y,"[2/3, -2/5, -3/4]",N
11n_49,3,N,2,Y,"[2/3, -2/5, -1/4]",N
11n_50,3,N,2,Y,"[2/3, -3/5, -2/5]",N
11n_51,3,N,1,Y,"[1/2, 2/3, -8/11]",N
11n_52,3,N,1,Y,"[1/2, 2/3, -3/11]",N
11n_53,3,N,1,Y,"[1/2, -2/3, 8/11]",N
11n_54,3,N,1,Y,"[1/2, 2/3, -8/13]",N
11n_55,3,N,1,Y,"[1/2, 2/3, -5/13]",N
11n_56,3,N,1,Y,"[1/2, -2/3, 8/13]",N
11n_57,3,N,1,Y,"[1/2, -2/3, 3/11]",N
11n_58,3,N,1,Y,"[1/2, 2/3, -7/11]",N
11n_59,3,N,1,Y,"[1/2, 2/3, -4/11]",N
11n_60,3,N,1,Y,"[1/2, -2/3, 7/11]",N
11n_61,3,N,1,Y,"[1/2, -2/3, 5/13]",N
11n_62,3,N,1,Y,"[1/2, 2/3, -5/9]",N
11n_63,3,N,1,Y,"[1/2, 2/3, -4/9]",N
11n_64,3,N,1,Y,"[1/2, -2/3, 5/9]",N
11n_65,3,N,,N,n/a,N
11n_66,3,N,,N,n/a,N
11n_67,3,N,,N,n/a,N
11n_68,3,N,,N,n/a,N
11n_69,3,N,,N,n/a,N
11n_70,3,N,1,Y,"[1/2, -2/3, 4/11]",N
11n_71,4,N,2,Y,"[1/2, 2/3, -2/3, 2/3]",N
11n_72,4,N,2,Y,"[1/2, 2/3, 2/3, -1/3]",N
11n_73,4,N,2,Y,"[1/2, 2/3, -2/3, -2/3]",N
11n_74,4,N,2,Y,"[1/2, 2/3, -2/3, -1/3]",N
11n_75,4,N,2,Y,"[1/2, 2/3, 2/3, -2/3]",N
11n_76,4,N,2,Y,"[1/2, 2/3, -2/3, 1/3]",N
11n_77,4,N,2,Y,"[1/2, 2/3, -1/3, -1/3]",N
11n_78,4,N,2,Y,"[1/2, -2/3, 2/3, 1/3]",N
11n_79,3,N,1,Y,"[1/2, -2/3, 4/9]",N
11n_80,3,N,,N,n/a,N
11n_81,4,N,2,Y,"[1/2, -2/3, 1/3, 1/3]",N
11n_82,3,N,2,Y,"[2/3, -3/5, 1/4]",N
11n_83,3,N,2,Y,"[2/3, -3/5, 3/4]",N
11n_84,3,N,2,Y,"[2/3, -3/5, 2/5]",N
11n_85,3,N,2,Y,"[2/3, -2/3, 5/8]",N
11n_86,3,N,,N,n/a,N
11n_87,3,N,2,Y,"[2/3, 2/3, -5/8]",N
11n_88,3,N,2,Y,"[2/3, -3/5, -1/4]",N
11n_89,3,N,2,Y,"[2/3, 3/5, -1/4]",N
11n_90,3,N,2,Y,"[2/3, -3/5, -3/4]",N
11n_91,3,N,2,Y,"[2/3, 3/5, -3/4]",N
11n_92,3,N,,N,n/a,N
11n_93,3,N,,N,n/a,N
11n_94,3,N,,N,n/a,N
11n_95,3,N,,N,n/a,N
11n_96,3,N,,N,n/a,N
11n_97,3,N,,N,n/a,N
11n_98,3,N,,N,n/a,N
11n_99,3,N,,N,n/a,N
11n_100,3,N,2,Y,"[2/3, -2/3, 5/7]",N
11n_101,3,N,2,Y,"[2/3, 2/3, -5/7]",N
11n_102,3,N,1,Y,"[2/3, -1/3, -2/7]",N
11n_103,3,N,2,Y,"[2/3, 3/5, -2/5]",N
11n_104,3,N,1,Y,"[2/3, -1/3, -3/8]",N
11n_105,3,N,2,Y,"[2/3, 2/3, -3/8]",N
11n_106,3,N,2,Y,"[2/3, -2/3, 3/8]",N
11n_107,3,N,2,Y,"[2/3, -1/3, -5/8]",N
11n_108,3,N,,N,n/a,N
11n_109,3,N,,N,n/a,N
11n_110,3,N,,N,n/a,N
11n_111,3,N,,N,n/a,N
11n_112,3,N,,N,n/a,N
11n_113,3,N,,N,n/a,N
11n_114,3,N,,N,n/a,N
11n_115,3,N,,N,n/a,N
11n_116,3,N,,N,n/a,N
11n_117,3,N,,N,n/a,N
11n_118,3,N,,N,n/a,N
11n_119,3,N,,N,n/a,N
11n_120,3,N,,N,n/a,N
11n_121,3,N,,N,n/a,N
11n_122,3,N,2,Y,"[2/3, -2/3, 3/7]",N
11n_123,3,N,,N,n/a,N
11n_124,3,N,,N,n/a,N
11n_125,3,N,,N,n/a,N
11n_126,3,N,,N,n/a,N
11n_127,3,N,,N,n/a,N
11n_128,3,N,,N,n/a,N
11n_129,3,N,,N,n/a,N
11n_130,3,N,,N,n/a,N
11n_131,3,N,,N,n/a,N
11n_132,3,N,,N,n/a,N
11n_133,3,N,,N,n/a,N
11n_134,3,N,,N,n/a,N
11n_135,3,N,,N,n/a,N
11n_136,3,N,,N,n/a,N
11n_137,3,N,2,Y,"[2/3, 2/3, -3/7]",N
11n_138,3,N,2,Y,"[2/3, -1/3, -4/7]",N
11n_139,3,N,2,Y,"[2/3, -2/3, 1/5]",N
11n_140,3,N,2,Y,"[2/3, 2/3, -1/5]",N
11n_141,3,N,2,Y,"[2/3, -1/3, -4/5]",N
11n_142,3,N,,N,n/a,N
11n_143,3,N,,N,n/a,N
11n_144,3,N,,N,n/a,N
11n_145,3,N,,N,n/a,N
11n_146,3,N,,N,n/a,N
11n_147,3,N,,N,n/a,N
11n_148,3,N,,N,n/a,N
11n_149,3,N,,N,n/a,N
11n_150,3,N,,N,n/a,N
11n_151,3,N,,N,n/a,N
11n_152,3,N,,N,n/a,N
11n_153,3,N,,N,n/a,N
11n_154,3,N,,N,n/a,N
11n_155,3,N,,N,n/a,N
11n_156,3,N,,N,n/a,N
11n_157,3,N,,N,n/a,N
11n_158,3,N,,N,n/a,N
11n_159,3,N,,N,n/a,N
11n_160,3,N,,N,n/a,N
11n_161,3,N,,N,n/a,N
11n_162,3,N,,N,n/a,N
11n_163,3,N,,N,n/a,N
11n_164,3,N,,N,n/a,N
11n_165,3,N,,N,n/a,N
11n_166,3,N,,N,n/a,N
11n_167,3,N,,N,n/a,N
11n_168,3,N,,N,n/a,N
11n_169,3,N,,N,n/a,N
11n_170,3,N,,N,n/a,N
11n_171,3,N,,N,n/a,N
11n_172,3,N,,N,n/a,N
11n_173,3,N,,N,n/a,N
11n_174,3,N,,N,n/a,N
11n_175,3,N,,N,n/a,N
11n_176,3,N,,N,n/a,N
11n_177,3,N,,N,n/a,N
11n_178,3,N,,N,n/a,N
11n_179,3,N,,N,n/a,N
11n_180,3,N,,N,n/a,N
11n_181,3,N,,N,n/a,N
11n_182,3,N,,N,n/a,N
11n_183,3,N,,N,n/a,N
11n_184,3,N,,N,n/a,N
11n_185,3,N,,N,n/a,N
12a_0001,3,Y,2,N,n/a,N
12a_0002,3,Y,2,N,n/a,N
12a_0003,3,Y,1,Y,"[1/2, 3/5, 7/9]",N
12a_0004,3,Y,2,N,n/a,N
12a_0005,3,Y,2,N,n/a,N
12a_0006,3,Y,2,N,n/a,N
12a_0007,3,Y,2,N,n/a,N
12a_0008,3,Y,2,N,n/a,N
12a_0009,3,Y,1,Y,"[1/2, 3/5, 2/9]",N
12a_0010,3,Y,2,N,n/a,N
12a_0011,3,Y,2,N,n/a,N
12a_0012,3,Y,1,Y,"[1/2, 3/5, 9/7]",N
12a_0013,3,Y,2,N,n/a,N
12a_0014,3,Y,2,N,n/a,N
12a_0015,3,Y,2,N,n/a,N
12a_0016,3,Y,1,Y,"[1/2, 3/5, 8/11]",N
12a_0017,3,Y,1,Y,"[1/2, 3/5, 8/13]",N
12a_0018,3,Y,1,Y,"[1/2, 3/5, 3/11]",N
12a_0019,3,Y,1,Y,"[1/2, 3/5, 7/11]",N
12a_0020,3,Y,1,Y,"[1/2, 3/5, 5/13]",N
12a_0021,3,Y,1,Y,"[1/2, 3/5, 12/7]",N
12a_0022,3,Y,1,Y,"[1/2, 3/5, 5/9]",N
12a_0023,3,Y,2,N,n/a,N
12a_0024,3,Y,1,Y,"[1/2, 3/5, 4/11]",N
12a_0025,3,Y,1,Y,"[1/2, 3/5, 13/5]",N
12a_0026,3,Y,1,Y,"[1/2, 3/5, 9/5]",N
12a_0027,3,Y,1,Y,"[1/2, 3/5, 11/7]",N
12a_0028,3,Y,1,Y,"[1/2, 3/5, 12/5]",N
12a_0029,4,Y,2,Y,"[1/2, 2/3, 2/3, 3/5]",N
12a_0030,4,Y,2,Y,"[1/2, 1/3, 2/3, 3/5]",N
12a_0031,3,Y,1,Y,"[1/2, 3/5, 4/9]",N
12a_0032,3,Y,1,Y,"[1/2, 2/3, 18/5]",N
12a_0033,4,Y,2,Y,"[1/2, 2/3, 1/3, 3/5]",N
12a_0034,3,Y,1,Y,"[1/2, 3/5, 6/5]",N
12a_0035,3,Y,1,Y,"[1/2, 3/5, 10/7]",N
12a_0036,4,Y,2,Y,"[1/2, 1/3, 1/3, 3/5]",N
12a_0037,3,Y,1,Y,"[1/2, 1/3, 18/5]",N
12a_0038,2,Y,1,N,n/a,N
12a_0039,3,Y,2,N,n/a,N
12a_0040,3,Y,2,N,n/a,N
12a_0041,3,Y,2,N,n/a,N
12a_0042,3,Y,1,Y,"[1/2, 2/3, 9/11]",N
12a_0043,3,Y,2,N,n/a,N
12a_0044,3,Y,2,N,n/a,N
12a_0045,3,Y,2,N,n/a,N
12a_0046,3,Y,2,N,n/a,N
12a_0047,3,Y,2,N,n/a,N
12a_0048,3,Y,2,N,n/a,N
12a_0049,3,Y,2,N,n/a,N
12a_0050,3,Y,2,N,n/a,N
12a_0051,3,Y,2,N,n/a,N
12a_0052,3,Y,2,N,n/a,N
12a_0053,3,Y,2,N,n/a,N
12a_0054,3,Y,2,N,n/a,N
12a_0055,3,Y,2,N,n/a,N
12a_0056,3,Y,1,Y,"[1/2, 2/3, 2/11]",N
12a_0057,3,Y,2,N,n/a,N
12a_0058,3,Y,2,N,n/a,N
12a_0059,3,Y,2,N,n/a,N
12a_0060,3,Y,2,N,n/a,N
12a_0061,3,Y,2,N,n/a,N
12a_0062,3,Y,1,Y,"[1/2, 2/3, 11/9]",N
12a_0063,3,Y,2,N,n/a,N
12a_0064,3,Y,2,N,n/a,N
12a_0065,3,Y,2,N,n/a,N
12a_0066,3,Y,2,N,n/a,N
12a_0067,3,Y,2,N,n/a,N
12a_0068,3,Y,2,N,n/a,N
12a_0069,3,Y,2,N,n/a,N
12a_0070,3,Y,2,N,n/a,N
12a_0071,3,Y,2,N,n/a,N
12a_0072,3,Y,2,N,n/a,N
12a_0073,3,Y,2,N,n/a,N
12a_0074,3,Y,2,N,n/a,N
12a_0075,3,Y,2,N,n/a,N
12a_0076,3,Y,2,N,n/a,N
12a_0077,3,Y,1,Y,"[1/2, 2/3, 13/21]",N
12a_0078,3,Y,1,Y,"[1/2, 2/3, 5/17]",N
12a_0079,3,Y,2,N,n/a,N
12a_0080,3,Y,2,N,n/a,N
12a_0081,3,Y,1,Y,"[1/2, 2/3, 16/9]",N
12a_0082,3,Y,1,Y,"[1/2, 2/3, 12/17]",N
12a_0083,3,Y,1,Y,"[1/2, 2/3, 12/19]",N
12a_0084,3,Y,1,Y,"[1/2, 2/3, 11/19]",N
12a_0085,3,Y,1,Y,"[1/2, 2/3, 9/13]",N
12a_0086,3,Y,1,Y,"[1/2, 2/3, 11/15]",N
12a_0087,3,Y,1,Y,"[1/2, 2/3, 7/19]",N
12a_0088,3,Y,2,N,n/a,N
12a_0089,3,Y,2,N,n/a,N
12a_0090,3,Y,2,N,n/a,N
12a_0091,3,Y,2,N,n/a,N
12a_0092,3,Y,2,N,n/a,N
12a_0093,3,Y,2,N,n/a,N
12a_0094,3,Y,2,N,n/a,N
12a_0095,3,Y,1,Y,"[1/2, 2/3, 8/21]",N
12a_0096,3,Y,1,Y,"[1/2, 2/3, 4/13]",N
12a_0097,3,Y,1,Y,"[1/2, 2/3, 4/15]",N
12a_0098,3,Y,1,Y,"[1/2, 2/3, 19/11]",N
12a_0099,3,Y,1,Y,"[1/2, 2/3, 21/13]",N
12a_0100,3,Y,2,N,n/a,N
12a_0101,3,Y,2,N,n/a,N
12a_0102,3,Y,2,N,n/a,N
12a_0103,3,Y,2,N,n/a,N
12a_0104,3,Y,1,Y,"[1/2, 2/3, 19/7]",N
12a_0105,3,Y,2,N,n/a,N
12a_0106,3,Y,1,Y,"[1/2, 2/3, 16/7]",N
12a_0107,3,Y,2,N,n/a,N
12a_0108,3,Y,2,N,n/a,N
12a_0109,3,Y,2,N,n/a,N
12a_0110,3,Y,1,Y,"[1/2, 2/3, 8/19]",N
12a_0111,3,Y,2,N,n/a,N
12a_0112,3,Y,1,Y,"[1/2, 2/3, 15/11]",N
12a_0113,4,Y,2,Y,"[1/2, 2/3, 3/5, 2/3]",N
12a_0114,4,Y,2,Y,"[1/2, 2/3, 2/5, 2/3]",N
12a_0115,3,Y,2,N,n/a,N
12a_0116,4,Y,2,Y,"[1/2, 2/3, 2/5, 1/3]",N
12a_0117,4,Y,2,Y,"[1/2, 2/3, 2/3, 2/5]",N
12a_0118,3,Y,1,Y,"[1/2, 2/3, 17/5]",N
12a_0119,4,Y,2,Y,"[1/2, 2/3, 2/3, 5/3]",N
12a_0120,3,Y,2,N,n/a,N
12a_0121,3,Y,1,Y,"[1/2, 2/3, 13/9]",N
12a_0122,4,Y,2,Y,"[1/2, 2/3, 1/3, 2/5]",N
12a_0123,3,Y,2,N,n/a,N
12a_0124,3,Y,1,Y,"[1/2, 2/5, 7/9]",N
12a_0125,3,Y,2,N,n/a,N
12a_0126,3,Y,2,N,n/a,N
12a_0127,3,Y,2,N,n/a,N
12a_0128,3,Y,1,Y,"[1/2, 2/5, 2/9]",N
12a_0129,3,Y,2,N,n/a,N
12a_0130,3,Y,1,Y,"[1/2, 2/5, 9/7]",N
12a_0131,3,Y,2,N,n/a,N
12a_0132,3,Y,2,N,n/a,N
12a_0133,3,Y,2,N,n/a,N
12a_0134,3,Y,2,N,n/a,N
12a_0135,3,Y,2,N,n/a,N
12a_0136,3,Y,2,N,n/a,N
12a_0137,3,Y,2,N,n/a,N
12a_0138,3,Y,2,N,n/a,N
12a_0139,3,Y,2,N,n/a,N
12a_0140,3,Y,2,N,n/a,N
12a_0141,3,Y,1,Y,"[1/2, 2/3, 14/11]",N
12a_0142,3,Y,1,Y,"[1/2, 2/3, 18/11]",N
12a_0143,3,Y,1,Y,"[1/2, 2/3, 6/7]",N
12a_0144,3,Y,1,Y,"[1/2, 2/3, 10/13]",N
12a_0145,3,Y,1,Y,"[1/2, 2/3, 10/17]",N
12a_0146,3,Y,1,Y,"[1/2, 2/3, 1/7]",N
12a_0147,3,Y,1,Y,"[1/2, 2/3, 3/13]",N
12a_0148,3,Y,1,Y,"[1/2, 2/3, 7/17]",N
12a_0149,3,Y,1,Y,"[1/2, 2/3, 18/13]",N
12a_0150,3,Y,2,N,n/a,N
12a_0151,3,Y,1,Y,"[1/2, 2/3, 14/9]",N
12a_0152,3,Y,1,Y,"[1/2, 2/3, 6/11]",N
12a_0153,3,Y,1,Y,"[1/2, 2/3, 5/11]",N
12a_0154,3,Y,2,N,n/a,N
12a_0155,3,Y,2,N,n/a,N
12a_0156,3,Y,2,N,n/a,N
12a_0157,4,Y,2,Y,"[1/2, 2/3, 3/5, 1/3]",N
12a_0158,3,Y,1,Y,"[1/2, 2/3, 14/5]",N
12a_0159,3,Y,1,Y,"[1/2, 2/3, 18/7]",N
12a_0160,3,Y,1,Y,"[1/2, 2/3, 11/5]",N
12a_0161,3,Y,1,Y,"[1/2, 2/3, 17/7]",N
12a_0162,3,Y,2,N,n/a,N
12a_0163,3,Y,2,N,n/a,N
12a_0164,4,Y,2,Y,"[1/2, 2/3, 2/3, 4/3]",N
12a_0165,3,Y,1,Y,"[1/2, 2/3, 14/3]",N
12a_0166,4,Y,2,Y,"[1/2, 2/3, 1/3, 5/3]",N
12a_0167,4,Y,2,Y,"[1/2, 2/3, 1/3, 4/3]",N
12a_0168,3,Y,1,Y,"[1/2, 2/3, 13/3]",N
12a_0169,2,Y,1,N,n/a,N
12a_0170,3,Y,1,Y,"[1/2, 2/5, 8/11]",N
12a_0171,3,Y,1,Y,"[1/2, 2/5, 8/13]",N
12a_0172,3,Y,1,Y,"[1/2, 2/5, 3/11]",N
12a_0173,3,Y,1,Y,"[1/2, 2/5, 7/11]",N
12a_0174,3,Y,1,Y,"[1/2, 2/5, 5/13]",N
12a_0175,3,Y,1,Y,"[1/2, 2/5, 12/7]",N
12a_0176,3,Y,1,Y,"[1/2, 2/5, 5/9]",N
12a_0177,3,Y,2,N,n/a,N
12a_0178,3,Y,1,Y,"[1/2, 2/5, 4/11]",N
12a_0179,3,Y,1,Y,"[1/2, 2/5, 9/5]",N
12a_0180,3,Y,1,Y,"[1/2, 2/5, 11/7]",N
12a_0181,3,Y,1,Y,"[1/2, 2/5, 12/5]",N
12a_0182,4,Y,2,Y,"[1/2, 1/3, 2/3, 2/5]",N
12a_0183,3,Y,1,Y,"[1/2, 2/5, 4/9]",N
12a_0184,3,Y,2,N,n/a,N
12a_0185,3,Y,2,N,n/a,N
12a_0186,3,Y,2,N,n/a,N
12a_0187,3,Y,2,N,n/a,N
12a_0188,3,Y,2,N,n/a,N
12a_0189,3,Y,2,N,n/a,N
12a_0190,3,Y,2,N,n/a,N
12a_0191,3,Y,2,N,n/a,N
12a_0192,3,Y,2,N,n/a,N
12a_0193,3,Y,1,Y,"[1/2, 2/5, 6/5]",N
12a_0194,3,Y,1,Y,"[1/2, 2/5, 10/7]",N
12a_0195,4,Y,2,Y,"[1/2, 1/3, 1/3, 2/5]",N
12a_0196,3,Y,1,Y,"[1/2, 1/3, 17/5]",N
12a_0197,2,Y,1,N,n/a,N
12a_0198,3,Y,2,N,n/a,N
12a_0199,3,Y,2,N,n/a,N
12a_0200,3,Y,2,N,n/a,N
12a_0201,3,Y,2,N,n/a,N
12a_0202,3,Y,2,N,n/a,N
12a_0203,3,Y,1,Y,"[1/2, 1/3, 13/21]",N
12a_0204,2,Y,1,N,n/a,N
12a_0205,3,Y,1,Y,"[1/2, 1/3, 14/11]",N
12a_0206,2,Y,1,N,n/a,N
12a_0207,3,Y,2,N,n/a,N
12a_0208,3,Y,2,Y,"[2/3, 2/3, 9/7]",N
12a_0209,3,Y,2,N,n/a,N
12a_0210,3,Y,1,Y,"[1/2, 5/7, 5/7]",N
12a_0211,3,Y,2,N,n/a,N
12a_0212,3,Y,1,Y,"[1/2, 5/7, 2/7]",N
12a_0213,3,Y,2,N,n/a,N
12a_0214,3,Y,2,N,n/a,N
12a_0215,3,Y,2,Y,"[3/5, 3/5, 3/4]",N
12a_0216,3,Y,2,Y,"[3/5, 2/5, 1/4]",N
12a_0217,3,Y,2,Y,"[2/3, 3/5, 3/8]",N
12a_0218,3,Y,2,Y,"[3/5, 2/5, 3/4]",N
12a_0219,3,Y,2,Y,"[2/3, 3/5, 7/4]",N
12a_0220,3,Y,2,Y,"[1/3, 3/5, 5/8]",N
12a_0221,2,Y,1,N,n/a,N
12a_0222,3,Y,2,N,n/a,N
12a_0223,3,Y,2,N,n/a,N
12a_0224,3,Y,2,N,n/a,N
12a_0225,3,Y,2,Y,"[2/3, 3/5, 5/8]",N
12a_0226,2,Y,1,N,n/a,N
12a_0227,3,Y,2,N,n/a,N
12a_0228,3,Y,2,N,n/a,N
12a_0229,3,Y,2,Y,"[2/3, 2/3, 5/13]",N
12a_0230,3,Y,2,N,n/a,N
12a_0231,3,Y,2,N,n/a,N
12a_0232,3,Y,2,Y,"[2/3, 2/5, 7/5]",N
12a_0233,3,Y,2,N,n/a,N
12a_0234,3,Y,1,Y,"[1/2, 5/7, 4/5]",N
12a_0235,3,Y,1,Y,"[1/2, 5/7, 4/7]",N
12a_0236,3,Y,1,Y,"[1/2, 5/7, 1/5]",N
12a_0237,3,Y,1,Y,"[1/2, 5/7, 3/7]",N
12a_0238,3,Y,1,Y,"[1/2, 1/3, 19/7]",N
12a_0239,2,Y,1,N,n/a,N
12a_0240,3,Y,1,Y,"[1/2, 1/3, 18/13]",N
12a_0241,2,Y,1,N,n/a,N
12a_0242,3,Y,1,Y,"[1/2, 1/3, 21/13]",N
12a_0243,2,Y,1,N,n/a,N
12a_0244,3,Y,2,N,n/a,N
12a_0245,3,Y,2,N,n/a,N
12a_0246,3,Y,1,Y,"[1/2, 1/3, 8/21]",N
12a_0247,2,Y,1,N,n/a,N
12a_0248,3,Y,2,Y,"[3/5, 3/5, 1/4]",N
12a_0249,3,Y,2,Y,"[2/3, 3/5, 5/4]",N
12a_0250,3,Y,2,Y,"[1/3, 3/5, 3/8]",N
12a_0251,2,Y,1,N,n/a,N
12a_0252,3,Y,2,Y,"[1/3, 3/5, 5/4]",N
12a_0253,3,Y,2,Y,"[1/3, 3/5, 7/4]",N
12a_0254,2,Y,1,N,n/a,N
12a_0255,2,Y,1,N,n/a,N
12a_0256,3,Y,2,N,n/a,N
12a_0257,2,Y,1,N,n/a,N
12a_0258,3,Y,1,Y,"[1/2, 1/3, 19/11]",N
12a_0259,2,Y,1,N,n/a,N
12a_0260,3,Y,2,N,n/a,N
12a_0261,3,Y,2,N,n/a,N
12a_0262,3,Y,2,N,n/a,N
12a_0263,3,Y,2,Y,"[2/3, 2/5, 5/8]",N
12a_0264,3,Y,2,N,n/a,N
12a_0265,3,Y,2,N,n/a,N
12a_0266,3,Y,2,N,n/a,N
12a_0267,3,Y,2,N,n/a,N
12a_0268,3,Y,2,N,n/a,N
12a_0269,3,Y,2,N,n/a,N
12a_0270,3,Y,2,Y,"[2/3, 1/3, 2/9]",Y
12a_0271,3,Y,2,N,n/a,N
12a_0272,3,Y,2,Y,"[2/3, 3/5, 2/7]",N
12a_0273,3,Y,2,N,n/a,N
12a_0274,3,Y,2,Y,"[2/3, 1/4, 5/7]",N
12a_0275,3,Y,2,Y,"[2/3, 3/4, 5/7]",N
12a_0276,3,Y,2,N,n/a,N
12a_0277,3,Y,2,Y,"[2/3, 3/4, 2/7]",N
12a_0278,3,Y,2,Y,"[2/3, 2/5, 5/4]",N
12a_0279,3,Y,2,Y,"[2/3, 2/5, 7/4]",N
12a_0280,3,Y,2,Y,"[2/3, 2/3, 11/8]",N
12a_0281,3,Y,2,Y,"[2/3, 2/3, 13/8]",N
12a_0282,3,Y,2,N,n/a,N
12a_0283,3,Y,2,N,n/a,N
12a_0284,3,Y,2,N,n/a,N
12a_0285,3,Y,2,N,n/a,N
12a_0286,3,Y,2,N,n/a,N
12a_0287,3,Y,2,N,n/a,N
12a_0288,3,Y,2,N,n/a,N
12a_0289,3,Y,2,N,n/a,N
12a_0290,3,Y,2,N,n/a,N
12a_0291,3,Y,2,N,n/a,N
12a_0292,3,Y,2,N,n/a,N
12a_0293,3,Y,2,N,n/a,N
12a_0294,3,Y,2,N,n/a,N
12a_0295,3,Y,2,Y,"[2/3, 2/3, 7/12]",Y
12a_0296,3,Y,2,N,n/a,N
12a_0297,3,Y,2,Y,"[2/3, 1/3, 5/12]",Y
12a_0298,3,Y,2,Y,"[2/3, 1/3, 7/12]",Y
12a_0299,3,Y,1,Y,"[1/2, 1/3, 11/19]",N
12a_0300,2,Y,1,N,n/a,N
12a_0301,3,Y,2,N,n/a,N
12a_0302,2,Y,1,N,n/a,N
12a_0303,2,Y,1,N,n/a,N
12a_0304,3,Y,1,Y,"[1/2, 1/3, 7/19]",N
12a_0305,3,Y,1,Y,"[1/2, 1/3, 12/19]",N
12a_0306,2,Y,1,N,n/a,N
12a_0307,2,Y,1,N,n/a,N
12a_0308,3,Y,2,N,n/a,N
12a_0309,3,Y,2,N,n/a,N
12a_0310,3,Y,2,N,n/a,N
12a_0311,3,Y,2,N,n/a,N
12a_0312,3,Y,2,N,n/a,N
12a_0313,3,Y,2,N,n/a,N
12a_0314,3,Y,2,N,n/a,N
12a_0315,3,Y,2,N,n/a,N
12a_0316,3,Y,2,N,n/a,N
12a_0317,3,Y,2,N,n/a,N
12a_0318,3,Y,2,N,n/a,N
12a_0319,3,Y,2,N,n/a,N
12a_0320,3,Y,2,N,n/a,N
12a_0321,3,Y,2,N,n/a,N
12a_0322,3,Y,2,N,n/a,N
12a_0323,3,Y,2,N,n/a,N
12a_0324,3,Y,2,N,n/a,N
12a_0325,3,Y,2,N,n/a,N
12a_0326,3,Y,2,N,n/a,N
12a_0327,3,Y,2,Y,"[3/5, 2/5, 2/5]",Y
12a_0328,3,Y,2,N,n/a,N
12a_0329,3,Y,1,Y,"[1/2, 1/3, 16/9]",N
12a_0330,2,Y,1,N,n/a,N
12a_0331,3,Y,2,N,n/a,N
12a_0332,3,Y,2,Y,"[2/3, 2/3, 7/9]",Y
12a_0333,3,Y,2,N,n/a,N
12a_0334,3,Y,2,N,n/a,N
12a_0335,3,Y,2,N,n/a,N
12a_0336,3,Y,2,N,n/a,N
12a_0337,3,Y,2,N,n/a,N
12a_0338,3,Y,2,Y,"[2/3, 2/5, 5/7]",N
12a_0339,3,Y,2,N,n/a,N
12a_0340,3,Y,2,N,n/a,N
12a_0341,3,Y,2,N,n/a,N
12a_0342,3,Y,2,N,n/a,N
12a_0343,3,Y,2,N,n/a,N
12a_0344,3,Y,2,N,n/a,N
12a_0345,3,Y,1,Y,"[1/2, 2/7, 2/7]",N
12a_0346,3,Y,2,N,n/a,N
12a_0347,3,Y,2,N,n/a,N
12a_0348,3,Y,2,N,n/a,N
12a_0349,3,Y,2,N,n/a,N
12a_0350,3,Y,2,N,n/a,N
12a_0351,3,Y,2,N,n/a,N
12a_0352,3,Y,2,N,n/a,N
12a_0353,3,Y,2,N,n/a,N
12a_0354,3,Y,2,N,n/a,N
12a_0355,3,Y,2,N,n/a,N
12a_0356,3,Y,2,Y,"[2/3, 1/4, 2/7]",N
12a_0357,3,Y,2,Y,"[2/3, 2/5, 3/8]",N
12a_0358,3,Y,2,N,n/a,N
12a_0359,3,Y,2,N,n/a,N
12a_0360,3,Y,2,N,n/a,N
12a_0361,3,Y,2,N,n/a,N
12a_0362,3,Y,2,N,n/a,N
12a_0363,3,Y,2,N,n/a,N
12a_0364,3,Y,2,N,n/a,N
12a_0365,3,Y,2,N,n/a,N
12a_0366,3,Y,2,N,n/a,N
12a_0367,3,Y,2,Y,"[2/3, 3/4, 4/5]",N
12a_0368,3,Y,2,Y,"[2/3, 3/4, 4/7]",N
12a_0369,3,Y,2,Y,"[2/3, 1/4, 1/5]",N
12a_0370,3,Y,2,Y,"[2/3, 1/4, 3/7]",N
12a_0371,3,Y,2,Y,"[2/3, 3/4, 1/5]",N
12a_0372,3,Y,2,Y,"[2/3, 3/4, 3/7]",N
12a_0373,3,Y,2,Y,"[2/3, 2/3, 11/4]",N
12a_0374,3,Y,2,Y,"[2/3, 1/3, 13/8]",N
12a_0375,3,Y,2,Y,"[2/3, 1/3, 9/4]",N
12a_0376,3,Y,2,Y,"[2/3, 1/3, 11/4]",N
12a_0377,3,Y,2,N,n/a,N
12a_0378,2,Y,1,N,n/a,N
12a_0379,2,Y,1,N,n/a,N
12a_0380,2,Y,1,N,n/a,N
12a_0381,3,Y,2,Y,"[2/5, 2/5, 3/4]",N
12a_0382,3,Y,2,Y,"[1/3, 2/5, 3/8]",N
12a_0383,3,Y,2,Y,"[1/3, 2/5, 5/8]",N
12a_0384,2,Y,1,N,n/a,N
12a_0385,2,Y,1,N,n/a,N
12a_0386,3,Y,2,N,n/a,N
12a_0387,3,Y,2,N,n/a,N
12a_0388,3,Y,2,N,n/a,N
12a_0389,3,Y,2,N,n/a,N
12a_0390,3,Y,2,N,n/a,N
12a_0391,3,Y,2,N,n/a,N
12a_0392,3,Y,2,N,n/a,N
12a_0393,3,Y,2,N,n/a,N
12a_0394,3,Y,2,N,n/a,N
12a_0395,3,Y,2,N,n/a,N
12a_0396,3,Y,2,N,n/a,N
12a_0397,3,Y,2,N,n/a,N
12a_0398,3,Y,2,N,n/a,N
12a_0399,3,Y,2,N,n/a,N
12a_0400,3,Y,2,N,n/a,N
12a_0401,3,Y,2,Y,"[2/3, 2/3, 3/11]",N
12a_0402,3,Y,2,N,n/a,N
12a_0403,3,Y,2,N,n/a,N
12a_0404,3,Y,2,N,n/a,N
12a_0405,3,Y,2,N,n/a,N
12a_0406,2,Y,1,N,n/a,N
12a_0407,3,Y,2,N,n/a,N
12a_0408,3,Y,2,N,n/a,N
12a_0409,3,Y,2,N,n/a,N
12a_0410,3,Y,2,N,n/a,N
12a_0411,3,Y,2,N,n/a,N
12a_0412,3,Y,2,N,n/a,N
12a_0413,3,Y,2,N,n/a,N
12a_0414,3,Y,2,N,n/a,N
12a_0415,3,Y,2,N,n/a,N
12a_0416,3,Y,2,N,n/a,N
12a_0417,3,Y,2,N,n/a,N
12a_0418,3,Y,2,N,n/a,N
12a_0419,3,Y,2,N,n/a,N
12a_0420,3,Y,1,Y,"[1/2, 2/7, 4/5]",N
12a_0421,3,Y,1,Y,"[1/2, 2/7, 4/7]",N
12a_0422,3,Y,1,Y,"[1/2, 2/7, 1/5]",N
12a_0423,3,Y,1,Y,"[1/2, 2/7, 3/7]",N
12a_0424,3,Y,1,Y,"[1/2, 1/3, 16/7]",N
12a_0425,2,Y,1,N,n/a,N
12a_0426,3,Y,2,N,n/a,N
12a_0427,3,Y,2,N,n/a,N
12a_0428,3,Y,2,N,n/a,N
12a_0429,3,Y,2,N,n/a,N
12a_0430,3,Y,2,N,n/a,N
12a_0431,3,Y,2,N,n/a,N
12a_0432,3,Y,2,N,n/a,N
12a_0433,3,Y,2,Y,"[2/3, 2/3, 5/12]",Y
12a_0434,3,Y,2,N,n/a,N
12a_0435,3,Y,2,N,n/a,N
12a_0436,3,Y,1,Y,"[1/2, 1/3, 8/19]",N
12a_0437,2,Y,1,N,n/a,N
12a_0438,3,Y,2,N,n/a,N
12a_0439,3,Y,2,N,n/a,N
12a_0440,3,Y,2,N,n/a,N
12a_0441,3,Y,2,N,n/a,N
12a_0442,3,Y,2,Y,"[2/3, 1/4, 4/5]",N
12a_0443,3,Y,2,Y,"[2/3, 1/4, 4/7]",N
12a_0444,3,Y,2,Y,"[2/3, 2/3, 9/4]",N
12a_0445,3,Y,2,Y,"[2/3, 1/3, 11/8]",N
12a_0446,3,Y,2,N,n/a,N
12a_0447,2,Y,1,N,n/a,N
12a_0448,3,Y,2,Y,"[2/5, 2/5, 1/4]",N
12a_0449,3,Y,2,N,n/a,N
12a_0450,3,Y,2,N,n/a,N
12a_0451,3,Y,2,N,n/a,N
12a_0452,3,Y,2,N,n/a,N
12a_0453,3,Y,2,Y,"[1/3, 2/5, 7/4]",N
12a_0454,2,Y,1,N,n/a,N
12a_0455,3,Y,2,N,n/a,N
12a_0456,3,Y,2,N,n/a,N
12a_0457,3,Y,2,N,n/a,N
12a_0458,3,Y,2,N,n/a,N
12a_0459,3,Y,2,N,n/a,N
12a_0460,3,Y,2,N,n/a,N
12a_0461,3,Y,2,N,n/a,N
12a_0462,3,Y,2,N,n/a,N
12a_0463,3,Y,1,Y,"[1/2, 1/3, 11/9]",N
12a_0464,3,Y,2,N,n/a,N
12a_0465,3,Y,2,N,n/a,N
12a_0466,3,Y,2,N,n/a,N
12a_0467,3,Y,2,N,n/a,N
12a_0468,3,Y,2,N,n/a,N
12a_0469,3,Y,2,N,n/a,N
12a_0470,3,Y,2,N,n/a,N
12a_0471,2,Y,1,N,n/a,N
12a_0472,3,Y,2,N,n/a,N
12a_0473,3,Y,2,N,n/a,N
12a_0474,3,Y,2,N,n/a,N
12a_0475,3,Y,2,N,n/a,N
12a_0476,3,Y,2,N,n/a,N
12a_0477,2,Y,1,N,n/a,N
12a_0478,3,Y,2,N,n/a,N
12a_0479,3,Y,2,N,n/a,N
12a_0480,3,Y,2,N,n/a,N
12a_0481,3,Y,2,Y,"[1/3, 2/5, 5/4]",N
12a_0482,2,Y,1,N,n/a,N
12a_0483,3,Y,2,N,n/a,N
12a_0484,3,Y,2,N,n/a,N
12a_0485,3,Y,2,N,n/a,N
12a_0486,3,Y,2,N,n/a,N
12a_0487,3,Y,2,N,n/a,N
12a_0488,3,Y,2,N,n/a,N
12a_0489,3,Y,2,N,n/a,N
12a_0490,3,Y,2,N,n/a,N
12a_0491,3,Y,2,N,n/a,N
12a_0492,3,Y,2,N,n/a,N
12a_0493,3,Y,2,N,n/a,N
12a_0494,3,Y,2,N,n/a,N
12a_0495,3,Y,2,N,n/a,N
12a_0496,3,Y,2,N,n/a,N
12a_0497,2,Y,1,N,n/a,N
12a_0498,2,Y,1,N,n/a,N
12a_0499,2,Y,1,N,n/a,N
12a_0500,2,Y,1,N,n/a,N
12a_0501,2,Y,1,N,n/a,N
12a_0502,2,Y,1,N,n/a,N
12a_0503,3,Y,2,Y,"[2/3, 2/3, 11/3]",Y
12a_0504,3,Y,2,Y,"[2/3, 1/3, 12/5]",N
12a_0505,3,Y,2,Y,"[2/3, 2/3, 11/7]",N
12a_0506,2,Y,1,N,n/a,N
12a_0507,3,Y,1,Y,"[1/2, 1/3, 5/17]",N
12a_0508,2,Y,1,N,n/a,N
12a_0509,3,Y,2,N,n/a,N
12a_0510,2,Y,1,N,n/a,N
12a_0511,2,Y,1,N,n/a,N
12a_0512,2,Y,1,N,n/a,N
12a_0513,3,Y,2,Y,"[1/3, 3/5, 7/5]",N
12a_0514,2,Y,1,N,n/a,N
12a_0515,3,Y,2,Y,"[2/3, 2/3, 13/5]",N
12a_0516,3,Y,2,Y,"[2/3, 3/5, 8/5]",N
12a_0517,2,Y,1,N,n/a,N
12a_0518,2,Y,1,N,n/a,N
12a_0519,2,Y,1,N,n/a,N
12a_0520,2,Y,1,N,n/a,N
12a_0521,2,Y,1,N,n/a,N
12a_0522,2,Y,1,N,n/a,N
12a_0523,3,Y,2,N,n/a,N
12a_0524,3,Y,2,Y,"[2/3, 1/3, 12/7]",N
12a_0525,3,Y,2,Y,"[2/3, 2/3, 9/5]",N
12a_0526,3,Y,2,N,n/a,N
12a_0527,3,Y,2,N,n/a,N
12a_0528,2,Y,1,N,n/a,N
12a_0529,3,Y,2,Y,"[2/3, 1/3, 8/13]",N
12a_0530,3,Y,2,N,n/a,N
12a_0531,3,Y,2,Y,"[1/3, 3/4, 5/7]",N
12a_0532,2,Y,1,N,n/a,N
12a_0533,2,Y,1,N,n/a,N
12a_0534,2,Y,1,N,n/a,N
12a_0535,2,Y,1,N,n/a,N
12a_0536,2,Y,1,N,n/a,N
12a_0537,2,Y,1,N,n/a,N
12a_0538,2,Y,1,N,n/a,N
12a_0539,2,Y,1,N,n/a,N
12a_0540,2,Y,1,N,n/a,N
12a_0541,2,Y,1,N,n/a,N
12a_0542,3,Y,2,Y,"[1/3, 1/3, 5/13]",N
12a_0543,3,Y,2,N,n/a,N
12a_0544,3,Y,1,Y,"[1/2, 1/3, 12/17]",N
12a_0545,2,Y,1,N,n/a,N
12a_0546,3,Y,2,N,n/a,N
12a_0547,3,Y,2,N,n/a,N
12a_0548,3,Y,2,Y,"[1/3, 1/4, 5/7]",N
12a_0549,2,Y,1,N,n/a,N
12a_0550,2,Y,1,N,n/a,N
12a_0551,2,Y,1,N,n/a,N
12a_0552,2,Y,1,N,n/a,N
12a_0553,3,Y,2,N,n/a,N
12a_0554,4,Y,3,Y,"[2/3, 2/3, 2/3, 1/3]",Y
12a_0555,3,Y,2,N,n/a,N
12a_0556,3,Y,2,N,n/a,N
12a_0557,3,Y,2,Y,"[1/3, 2/5, 2/7]",N
12a_0558,3,Y,2,N,n/a,N
12a_0559,3,Y,2,N,n/a,N
12a_0560,3,Y,2,Y,"[1/3, 3/5, 5/7]",N
12a_0561,3,Y,2,Y,"[3/5, 3/5, 3/5]",Y
12a_0562,3,Y,2,Y,"[2/3, 1/3, 8/11]",N
12a_0563,3,Y,2,Y,"[2/3, 1/3, 4/9]",Y
12a_0564,3,Y,2,Y,"[2/3, 1/3, 4/11]",N
12a_0565,3,Y,2,Y,"[2/3, 3/5, 4/7]",N
12a_0566,3,Y,2,Y,"[2/3, 3/5, 4/5]",N
12a_0567,3,Y,2,N,n/a,N
12a_0568,3,Y,2,Y,"[2/3, 2/5, 3/7]",N
12a_0569,3,Y,2,Y,"[2/3, 2/3, 5/9]",Y
12a_0570,3,Y,2,Y,"[2/3, 2/3, 7/11]",N
12a_0571,3,Y,2,N,n/a,N
12a_0572,3,Y,2,N,n/a,N
12a_0573,3,Y,2,N,n/a,N
12a_0574,3,Y,2,Y,"[2/3, 2/3, 5/6]",Y
12a_0575,3,Y,2,Y,"[2/3, 2/3, 7/10]",N
12a_0576,3,Y,2,Y,"[2/3, 1/3, 1/6]",Y
12a_0577,3,Y,2,Y,"[2/3, 1/3, 3/10]",N
12a_0578,3,Y,2,Y,"[2/3, 1/3, 7/10]",N
12a_0579,2,Y,1,N,n/a,N
12a_0580,2,Y,1,N,n/a,N
12a_0581,2,Y,1,N,n/a,N
12a_0582,2,Y,1,N,n/a,N
12a_0583,2,Y,1,N,n/a,N
12a_0584,2,Y,1,N,n/a,N
12a_0585,2,Y,1,N,n/a,N
12a_0586,3,Y,2,N,n/a,N
12a_0587,3,Y,2,N,n/a,N
12a_0588,3,Y,2,N,n/a,N
12a_0589,3,Y,2,N,n/a,N
12a_0590,3,Y,2,N,n/a,N
12a_0591,3,Y,1,Y,"[1/2, 1/3, 9/11]",N
12a_0592,3,Y,2,N,n/a,N
12a_0593,3,Y,2,N,n/a,N
12a_0594,3,Y,2,Y,"[2/3, 1/3, 5/6]",Y
12a_0595,2,Y,1,N,n/a,N
12a_0596,2,Y,1,N,n/a,N
12a_0597,2,Y,1,N,n/a,N
12a_0598,3,Y,2,N,n/a,N
12a_0599,3,Y,2,N,n/a,N
12a_0600,2,Y,1,N,n/a,N
12a_0601,2,Y,1,N,n/a,N
12a_0602,3,Y,2,N,n/a,N
12a_0603,3,Y,2,N,n/a,N
12a_0604,3,Y,2,N,n/a,N
12a_0605,3,Y,2,N,n/a,N
12a_0606,3,Y,2,N,n/a,N
12a_0607,3,Y,2,N,n/a,N
12a_0608,3,Y,2,N,n/a,N
12a_0609,3,Y,2,N,n/a,N
12a_0610,3,Y,2,N,n/a,N
12a_0611,3,Y,2,N,n/a,N
12a_0612,3,Y,2,N,n/a,N
12a_0613,3,Y,2,N,n/a,N
12a_0614,3,Y,2,N,n/a,N
12a_0615,3,Y,2,N,n/a,N
12a_0616,3,Y,2,N,n/a,N
12a_0617,3,Y,2,N,n/a,N
12a_0618,3,Y,2,N,n/a,N
12a_0619,3,Y,2,Y,"[2/3, 2/5, 1/5]",N
12a_0620,3,Y,2,N,n/a,N
12a_0621,3,Y,2,N,n/a,N
12a_0622,3,Y,2,N,n/a,N
12a_0623,3,Y,2,N,n/a,N
12a_0624,3,Y,2,N,n/a,N
12a_0625,3,Y,2,N,n/a,N
12a_0626,3,Y,2,N,n/a,N
12a_0627,3,Y,2,N,n/a,N
12a_0628,3,Y,2,N,n/a,N
12a_0629,3,Y,2,N,n/a,N
12a_0630,3,Y,2,N,n/a,N
12a_0631,3,Y,2,N,n/a,N
12a_0632,3,Y,2,N,n/a,N
12a_0633,3,Y,2,N,n/a,N
12a_0634,3,Y,2,N,n/a,N
12a_0635,3,Y,2,N,n/a,N
12a_0636,3,Y,2,Y,"[1/3, 1/3, 3/11]",N
12a_0637,3,Y,2,N,n/a,N
12a_0638,3,Y,2,N,n/a,N
12a_0639,3,Y,2,N,n/a,N
12a_0640,3,Y,2,N,n/a,N
12a_0641,3,Y,2,Y,"[1/3, 1/4, 2/7]",N
12a_0642,3,Y,2,Y,"[1/3, 3/4, 2/7]",N
12a_0643,2,Y,1,N,n/a,N
12a_0644,2,Y,1,N,n/a,N
12a_0645,3,Y,2,N,n/a,N
12a_0646,3,Y,2,N,n/a,N
12a_0647,3,Y,2,N,n/a,N
12a_0648,3,Y,2,Y,"[2/3, 2/3, 3/10]",N
12a_0649,2,Y,1,N,n/a,N
12a_0650,2,Y,1,N,n/a,N
12a_0651,2,Y,1,N,n/a,N
12a_0652,2,Y,1,N,n/a,N
12a_0653,3,Y,2,N,n/a,N
12a_0654,3,Y,2,N,n/a,N
12a_0655,3,Y,2,N,n/a,N
12a_0656,3,Y,2,N,n/a,N
12a_0657,3,Y,2,N,n/a,N
12a_0658,3,Y,2,N,n/a,N
12a_0659,3,Y,2,N,n/a,N
12a_0660,3,Y,2,N,n/a,N
12a_0661,3,Y,2,N,n/a,N
12a_0662,3,Y,2,N,n/a,N
12a_0663,3,Y,2,N,n/a,N
12a_0664,3,Y,2,N,n/a,N
12a_0665,3,Y,2,N,n/a,N
12a_0666,3,Y,2,N,n/a,N
12a_0667,3,Y,2,N,n/a,N
12a_0668,3,Y,2,N,n/a,N
12a_0669,3,Y,1,Y,"[1/2, 1/3, 2/11]",N
12a_0670,3,Y,2,N,n/a,N
12a_0671,3,Y,2,N,n/a,N
12a_0672,3,Y,2,N,n/a,N
12a_0673,3,Y,2,N,n/a,N
12a_0674,3,Y,2,N,n/a,N
12a_0675,3,Y,2,N,n/a,N
12a_0676,3,Y,2,N,n/a,N
12a_0677,3,Y,2,N,n/a,N
12a_0678,3,Y,2,N,n/a,N
12a_0679,3,Y,2,Y,"[2/3, 2/3, 1/6]",Y
12a_0680,3,Y,2,N,n/a,N
12a_0681,3,Y,1,Y,"[1/2, 1/3, 15/11]",N
12a_0682,2,Y,1,N,n/a,N
12a_0683,3,Y,2,Y,"[1/3, 1/3, 5/12]",Y
12a_0684,2,Y,1,N,n/a,N
12a_0685,3,Y,2,N,n/a,N
12a_0686,3,Y,2,N,n/a,N
12a_0687,3,Y,2,N,n/a,N
12a_0688,3,Y,2,N,n/a,N
12a_0689,3,Y,1,Y,"[1/2, 1/3, 13/9]",N
12a_0690,2,Y,1,N,n/a,N
12a_0691,2,Y,1,N,n/a,N
12a_0692,4,Y,2,Y,"[1/2, 1/3, 2/3, 4/3]",N
12a_0693,4,Y,2,Y,"[1/2, 1/3, 2/5, 1/3]",N
12a_0694,4,Y,2,Y,"[1/2, 1/3, 3/5, 1/3]",N
12a_0695,3,Y,2,N,n/a,N
12a_0696,3,Y,2,N,n/a,N
12a_0697,3,Y,2,N,n/a,N
12a_0698,3,Y,2,N,n/a,N
12a_0699,3,Y,2,N,n/a,N
12a_0700,3,Y,2,N,n/a,N
12a_0701,3,Y,2,N,n/a,N
12a_0702,3,Y,2,N,n/a,N
12a_0703,3,Y,2,N,n/a,N
12a_0704,3,Y,2,N,n/a,N
12a_0705,3,Y,2,N,n/a,N
12a_0706,3,Y,2,N,n/a,N
12a_0707,3,Y,2,N,n/a,N
12a_0708,3,Y,2,N,n/a,N
12a_0709,3,Y,2,N,n/a,N
12a_0710,3,Y,2,N,n/a,N
12a_0711,3,Y,2,N,n/a,N
12a_0712,3,Y,2,N,n/a,N
12a_0713,2,Y,1,N,n/a,N
12a_0714,2,Y,1,N,n/a,N
12a_0715,2,Y,1,N,n/a,N
12a_0716,2,Y,1,N,n/a,N
12a_0717,2,Y,1,N,n/a,N
12a_0718,2,Y,1,N,n/a,N
12a_0719,3,Y,2,Y,"[1/3, 1/3, 13/5]",N
12a_0720,2,Y,1,N,n/a,N
12a_0721,2,Y,1,N,n/a,N
12a_0722,2,Y,1,N,n/a,N
12a_0723,2,Y,1,N,n/a,N
12a_0724,2,Y,1,N,n/a,N
12a_0725,3,Y,2,Y,"[2/3, 1/3, 10/3]",Y
12a_0726,2,Y,1,N,n/a,N
12a_0727,2,Y,1,N,n/a,N
12a_0728,2,Y,1,N,n/a,N
12a_0729,2,Y,1,N,n/a,N
12a_0730,3,Y,2,Y,"[2/3, 1/3, 10/7]",N
12a_0731,2,Y,1,N,n/a,N
12a_0732,2,Y,1,N,n/a,N
12a_0733,2,Y,1,N,n/a,N
12a_0734,3,Y,2,N,n/a,N
12a_0735,3,Y,2,Y,"[2/3, 1/3, 6/5]",N
12a_0736,2,Y,1,N,n/a,N
12a_0737,3,Y,2,Y,"[1/3, 1/3, 13/8]",N
12a_0738,2,Y,1,N,n/a,N
12a_0739,3,Y,2,Y,"[1/3, 1/3, 11/8]",N
12a_0740,2,Y,1,N,n/a,N
12a_0741,3,Y,2,N,n/a,N
12a_0742,3,Y,2,Y,"[1/3, 1/3, 7/12]",Y
12a_0743,2,Y,1,N,n/a,N
12a_0744,2,Y,1,N,n/a,N
12a_0745,2,Y,1,N,n/a,N
12a_0746,3,Y,2,N,n/a,N
12a_0747,3,Y,2,N,n/a,N
12a_0748,3,Y,2,Y,"[1/3, 2/5, 4/7]",N
12a_0749,3,Y,2,Y,"[1/3, 3/5, 3/7]",N
12a_0750,4,Y,3,Y,"[2/3, 1/3, 1/3, 1/3]",Y
12a_0751,3,Y,2,N,n/a,N
12a_0752,3,Y,2,Y,"[1/3, 2/5, 4/5]",N
12a_0753,3,Y,2,Y,"[1/3, 3/5, 1/5]",N
12a_0754,3,Y,2,N,n/a,N
12a_0755,3,Y,2,N,n/a,N
12a_0756,3,Y,2,N,n/a,N
12a_0757,3,Y,1,Y,"[1/2, 1/3, 18/11]",N
12a_0758,2,Y,1,N,n/a,N
12a_0759,2,Y,1,N,n/a,N
12a_0760,2,Y,1,N,n/a,N
12a_0761,2,Y,1,N,n/a,N
12a_0762,2,Y,1,N,n/a,N
12a_0763,2,Y,1,N,n/a,N
12a_0764,2,Y,1,N,n/a,N
12a_0765,3,Y,2,N,n/a,N
12a_0766,3,Y,2,N,n/a,N
12a_0767,3,Y,2,Y,"[1/3, 1/3, 9/7]",N
12a_0768,3,Y,2,N,n/a,N
12a_0769,3,Y,2,N,n/a,N
12a_0770,3,Y,2,N,n/a,N
12a_0771,3,Y,2,N,n/a,N
12a_0772,3,Y,1,Y,"[1/2, 1/3, 14/9]",N
12a_0773,2,Y,1,N,n/a,N
12a_0774,2,Y,1,N,n/a,N
12a_0775,2,Y,1,N,n/a,N
12a_0776,3,Y,2,N,n/a,N
12a_0777,3,Y,2,N,n/a,N
12a_0778,3,Y,2,N,n/a,N
12a_0779,3,Y,2,N,n/a,N
12a_0780,3,Y,2,N,n/a,N
12a_0781,3,Y,2,N,n/a,N
12a_0782,3,Y,2,N,n/a,N
12a_0783,3,Y,2,N,n/a,N
12a_0784,3,Y,2,N,n/a,N
12a_0785,3,Y,2,N,n/a,N
12a_0786,3,Y,2,N,n/a,N
12a_0787,3,Y,2,Y,"[1/3, 1/3, 7/9]",Y
12a_0788,3,Y,2,N,n/a,N
12a_0789,3,Y,1,Y,"[1/2, 1/3, 14/5]",N
12a_0790,3,Y,1,Y,"[1/2, 1/3, 18/7]",N
12a_0791,2,Y,1,N,n/a,N
12a_0792,2,Y,1,N,n/a,N
12a_0793,3,Y,2,N,n/a,N
12a_0794,3,Y,1,Y,"[1/2, 1/3, 11/5]",N
12a_0795,3,Y,1,Y,"[1/2, 1/3, 17/7]",N
12a_0796,2,Y,1,N,n/a,N
12a_0797,2,Y,1,N,n/a,N
12a_0798,3,Y,2,N,n/a,N
12a_0799,3,Y,2,N,n/a,N
12a_0800,3,Y,1,Y,"[1/2, 1/3, 13/3]",N
12a_0801,4,Y,2,Y,"[1/2, 1/3, 1/3, 4/3]",N
12a_0802,2,Y,1,N,n/a,N
12a_0803,2,Y,1,N,n/a,N
12a_0804,3,Y,2,N,n/a,N
12a_0805,3,Y,2,N,n/a,N
12a_0806,3,Y,2,N,n/a,N
12a_0807,3,Y,2,N,n/a,N
12a_0808,3,Y,2,N,n/a,N
12a_0809,3,Y,2,N,n/a,N
12a_0810,3,Y,2,N,n/a,N
12a_0811,3,Y,2,N,n/a,N
12a_0812,3,Y,2,N,n/a,N
12a_0813,3,Y,2,N,n/a,N
12a_0814,3,Y,2,N,n/a,N
12a_0815,3,Y,2,N,n/a,N
12a_0816,3,Y,2,N,n/a,N
12a_0817,3,Y,2,N,n/a,N
12a_0818,3,Y,2,N,n/a,N
12a_0819,3,Y,2,N,n/a,N
12a_0820,3,Y,2,N,n/a,N
12a_0821,3,Y,2,N,n/a,N
12a_0822,3,Y,1,Y,"[1/2, 1/3, 9/13]",N
12a_0823,3,Y,1,Y,"[1/2, 1/3, 11/15]",N
12a_0824,3,Y,2,N,n/a,N
12a_0825,3,Y,2,N,n/a,N
12a_0826,3,Y,1,Y,"[1/2, 1/3, 4/13]",N
12a_0827,3,Y,1,Y,"[1/2, 1/3, 4/15]",N
12a_0828,3,Y,2,N,n/a,N
12a_0829,3,Y,2,N,n/a,N
12a_0830,3,Y,2,N,n/a,N
12a_0831,3,Y,2,N,n/a,N
12a_0832,3,Y,2,N,n/a,N
12a_0833,3,Y,2,N,n/a,N
12a_0834,3,Y,2,N,n/a,N
12a_0835,3,Y,1,Y,"[1/2, 1/3, 6/7]",N
12a_0836,3,Y,1,Y,"[1/2, 1/3, 10/13]",N
12a_0837,3,Y,1,Y,"[1/2, 1/3, 10/17]",N
12a_0838,3,Y,1,Y,"[1/2, 1/3, 1/7]",N
12a_0839,3,Y,1,Y,"[1/2, 1/3, 3/13]",N
12a_0840,3,Y,1,Y,"[1/2, 1/3, 7/17]",N
12a_0841,3,Y,2,N,n/a,N
12a_0842,3,Y,1,Y,"[1/2, 1/3, 6/11]",N
12a_0843,3,Y,1,Y,"[1/2, 1/3, 5/11]",N
12a_0844,3,Y,2,N,n/a,N
12a_0845,3,Y,2,N,n/a,N
12a_0846,3,Y,2,N,n/a,N
12a_0847,3,Y,2,N,n/a,N
12a_0848,3,Y,2,N,n/a,N
12a_0849,3,Y,2,N,n/a,N
12a_0850,3,Y,2,N,n/a,N
12a_0851,3,Y,2,N,n/a,N
12a_0852,3,Y,2,N,n/a,N
12a_0853,3,Y,2,N,n/a,N
12a_0854,3,Y,2,N,n/a,N
12a_0855,3,Y,2,N,n/a,N
12a_0856,3,Y,2,N,n/a,N
12a_0857,3,Y,2,N,n/a,N
12a_0858,3,Y,2,N,n/a,N
12a_0859,3,Y,2,N,n/a,N
12a_0860,3,Y,2,N,n/a,N
12a_0861,3,Y,2,N,n/a,N
12a_0862,3,Y,2,N,n/a,N
12a_0863,3,Y,2,N,n/a,N
12a_0864,3,Y,2,N,n/a,N
12a_0865,3,Y,2,N,n/a,N
12a_0866,3,Y,2,N,n/a,N
12a_0867,3,Y,2,N,n/a,N
12a_0868,3,Y,2,N,n/a,N
12a_0869,3,Y,2,N,n/a,N
12a_0870,3,Y,2,N,n/a,N
12a_0871,3,Y,2,N,n/a,N
12a_0872,3,Y,2,N,n/a,N
12a_0873,3,Y,2,N,n/a,N
12a_0874,3,Y,2,N,n/a,N
12a_0875,3,Y,2,N,n/a,N
12a_0876,3,Y,1,Y,"[1/2, 4/5, 4/5]",N
12a_0877,3,Y,1,Y,"[1/2, 4/7, 4/5]",N
12a_0878,3,Y,1,Y,"[1/2, 4/5, 1/5]",N
12a_0879,3,Y,1,Y,"[1/2, 3/7, 4/5]",N
12a_0880,3,Y,1,Y,"[1/2, 4/7, 4/7]",N
12a_0881,3,Y,1,Y,"[1/2, 4/7, 1/5]",N
12a_0882,3,Y,1,Y,"[1/2, 4/7, 3/7]",N
12a_0883,3,Y,2,N,n/a,N
12a_0884,3,Y,2,N,n/a,N
12a_0885,3,Y,2,N,n/a,N
12a_0886,3,Y,2,N,n/a,N
12a_0887,3,Y,2,N,n/a,N
12a_0888,3,Y,2,N,n/a,N
12a_0889,3,Y,2,N,n/a,N
12a_0890,3,Y,2,N,n/a,N
12a_0891,3,Y,2,N,n/a,N
12a_0892,3,Y,2,N,n/a,N
12a_0893,3,Y,2,N,n/a,N
12a_0894,3,Y,2,N,n/a,N
12a_0895,3,Y,2,N,n/a,N
12a_0896,3,Y,2,N,n/a,N
12a_0897,3,Y,2,N,n/a,N
12a_0898,3,Y,2,N,n/a,N
12a_0899,3,Y,2,N,n/a,N
12a_0900,3,Y,2,N,n/a,N
12a_0901,3,Y,2,N,n/a,N
12a_0902,3,Y,2,N,n/a,N
12a_0903,3,Y,2,N,n/a,N
12a_0904,3,Y,2,N,n/a,N
12a_0905,3,Y,2,N,n/a,N
12a_0906,3,Y,2,N,n/a,N
12a_0907,3,Y,2,N,n/a,N
12a_0908,3,Y,2,N,n/a,N
12a_0909,3,Y,2,N,n/a,N
12a_0910,3,Y,2,N,n/a,N
12a_0911,3,Y,2,N,n/a,N
12a_0912,3,Y,2,N,n/a,N
12a_0913,3,Y,2,N,n/a,N
12a_0914,3,Y,2,N,n/a,N
12a_0915,3,Y,2,N,n/a,N
12a_0916,3,Y,2,N,n/a,N
12a_0917,3,Y,2,N,n/a,N
12a_0918,3,Y,2,N,n/a,N
12a_0919,3,Y,2,N,n/a,N
12a_0920,3,Y,2,N,n/a,N
12a_0921,3,Y,2,N,n/a,N
12a_0922,3,Y,2,N,n/a,N
12a_0923,3,Y,2,N,n/a,N
12a_0924,3,Y,2,N,n/a,N
12a_0925,3,Y,2,N,n/a,N
12a_0926,3,Y,2,N,n/a,N
12a_0927,3,Y,2,N,n/a,N
12a_0928,3,Y,2,N,n/a,N
12a_0929,3,Y,2,N,n/a,N
12a_0930,3,Y,2,N,n/a,N
12a_0931,3,Y,2,N,n/a,N
12a_0932,3,Y,2,N,n/a,N
12a_0933,3,Y,2,N,n/a,N
12a_0934,3,Y,2,N,n/a,N
12a_0935,3,Y,2,N,n/a,N
12a_0936,3,Y,2,N,n/a,N
12a_0937,3,Y,1,Y,"[1/2, 3/7, 1/5]",N
12a_0938,3,Y,1,Y,"[1/2, 3/7, 3/7]",N
12a_0939,3,Y,2,N,n/a,N
12a_0940,3,Y,2,N,n/a,N
12a_0941,3,Y,2,N,n/a,N
12a_0942,3,Y,2,N,n/a,N
12a_0943,3,Y,2,N,n/a,N
12a_0944,3,Y,2,N,n/a,N
12a_0945,3,Y,2,N,n/a,N
12a_0946,3,Y,2,N,n/a,N
12a_0947,3,Y,2,N,n/a,N
12a_0948,3,Y,2,N,n/a,N
12a_0949,3,Y,2,N,n/a,N
12a_0950,3,Y,2,N,n/a,N
12a_0951,3,Y,2,N,n/a,N
12a_0952,3,Y,2,N,n/a,N
12a_0953,3,Y,2,N,n/a,N
12a_0954,3,Y,2,N,n/a,N
12a_0955,3,Y,2,N,n/a,N
12a_0956,3,Y,2,N,n/a,N
12a_0957,3,Y,2,N,n/a,N
12a_0958,3,Y,2,N,n/a,N
12a_0959,3,Y,2,N,n/a,N
12a_0960,3,Y,2,N,n/a,N
12a_0961,3,Y,2,N,n/a,N
12a_0962,3,Y,2,N,n/a,N
12a_0963,3,Y,2,N,n/a,N
12a_0964,3,Y,2,N,n/a,N
12a_0965,3,Y,2,N,n/a,N
12a_0966,3,Y,2,N,n/a,N
12a_0967,3,Y,2,N,n/a,N
12a_0968,3,Y,2,N,n/a,N
12a_0969,3,Y,2,N,n/a,N
12a_0970,3,Y,2,N,n/a,N
12a_0971,3,Y,2,N,n/a,N
12a_0972,3,Y,2,N,n/a,N
12a_0973,3,Y,2,N,n/a,N
12a_0974,3,Y,2,N,n/a,N
12a_0975,3,Y,2,N,n/a,N
12a_0976,3,Y,2,N,n/a,N
12a_0977,3,Y,2,N,n/a,N
12a_0978,3,Y,2,N,n/a,N
12a_0979,3,Y,2,N,n/a,N
12a_0980,3,Y,2,N,n/a,N
12a_0981,3,Y,2,N,n/a,N
12a_0982,3,Y,2,N,n/a,N
12a_0983,3,Y,2,N,n/a,N
12a_0984,3,Y,2,N,n/a,N
12a_0985,3,Y,2,N,n/a,N
12a_0986,3,Y,2,N,n/a,N
12a_0987,3,Y,2,N,n/a,N
12a_0988,3,Y,2,N,n/a,N
12a_0989,3,Y,2,N,n/a,N
12a_0990,3,Y,2,N,n/a,N
12a_0991,3,Y,2,N,n/a,N
12a_0992,3,Y,2,N,n/a,N
12a_0993,3,Y,2,N,n/a,N
12a_0994,3,Y,2,N,n/a,N
12a_0995,3,Y,2,N,n/a,N
12a_0996,3,Y,2,N,n/a,N
12a_0997,3,Y,2,N,n/a,N
12a_0998,3,Y,2,N,n/a,N
12a_0999,3,Y,2,N,n/a,N
12a_1000,3,Y,2,N,n/a,N
12a_1001,3,Y,2,N,n/a,N
12a_1002,3,Y,2,N,n/a,N
12a_1003,3,Y,2,N,n/a,N
12a_1004,3,Y,2,N,n/a,N
12a_1005,3,Y,2,N,n/a,N
12a_1006,3,Y,2,N,n/a,N
12a_1007,3,Y,2,N,n/a,N
12a_1008,3,Y,2,N,n/a,N
12a_1009,3,Y,2,N,n/a,N
12a_1010,3,Y,2,N,n/a,N
12a_1011,3,Y,2,N,n/a,N
12a_1012,3,Y,2,N,n/a,N
12a_1013,3,Y,2,N,n/a,N
12a_1014,3,Y,2,N,n/a,N
12a_1015,3,Y,2,N,n/a,N
12a_1016,3,Y,2,N,n/a,N
12a_1017,3,Y,2,N,n/a,N
12a_1018,3,Y,2,N,n/a,N
12a_1019,3,Y,2,N,n/a,N
12a_1020,3,Y,2,N,n/a,N
12a_1021,3,Y,2,N,n/a,N
12a_1022,3,Y,2,N,n/a,N
12a_1023,2,Y,1,N,n/a,N
12a_1024,2,Y,1,N,n/a,N
12a_1025,3,Y,2,N,n/a,N
12a_1026,3,Y,2,N,n/a,N
12a_1027,3,Y,2,Y,"[1/3, 1/4, 4/5]",N
12a_1028,3,Y,2,Y,"[1/3, 3/4, 4/5]",N
12a_1029,2,Y,1,N,n/a,N
12a_1030,2,Y,1,N,n/a,N
12a_1031,3,Y,2,Y,"[1/3, 1/4, 4/7]",N
12a_1032,3,Y,2,Y,"[1/3, 3/4, 4/7]",N
12a_1033,2,Y,1,N,n/a,N
12a_1034,2,Y,1,N,n/a,N
12a_1035,3,Y,2,N,n/a,N
12a_1036,3,Y,2,N,n/a,N
12a_1037,3,Y,2,N,n/a,N
12a_1038,3,Y,2,N,n/a,N
12a_1039,2,Y,1,N,n/a,N
12a_1040,2,Y,1,N,n/a,N
12a_1041,3,Y,2,N,n/a,N
12a_1042,3,Y,2,N,n/a,N
12a_1043,3,Y,2,N,n/a,N
12a_1044,3,Y,2,N,n/a,N
12a_1045,3,Y,2,N,n/a,N
12a_1046,3,Y,2,N,n/a,N
12a_1047,3,Y,2,N,n/a,N
12a_1048,3,Y,2,N,n/a,N
12a_1049,3,Y,2,N,n/a,N
12a_1050,3,Y,2,N,n/a,N
12a_1051,3,Y,2,N,n/a,N
12a_1052,3,Y,2,N,n/a,N
12a_1053,3,Y,2,N,n/a,N
12a_1054,3,Y,2,N,n/a,N
12a_1055,3,Y,2,N,n/a,N
12a_1056,3,Y,2,N,n/a,N
12a_1057,3,Y,2,N,n/a,N
12a_1058,3,Y,2,N,n/a,N
12a_1059,3,Y,2,N,n/a,N
12a_1060,3,Y,2,N,n/a,N
12a_1061,3,Y,2,N,n/a,N
12a_1062,3,Y,2,N,n/a,N
12a_1063,3,Y,2,N,n/a,N
12a_1064,3,Y,2,N,n/a,N
12a_1065,3,Y,2,N,n/a,N
12a_1066,3,Y,2,N,n/a,N
12a_1067,3,Y,2,N,n/a,N
12a_1068,3,Y,2,N,n/a,N
12a_1069,3,Y,2,N,n/a,N
12a_1070,3,Y,2,N,n/a,N
12a_1071,3,Y,2,N,n/a,N
12a_1072,3,Y,2,N,n/a,N
12a_1073,3,Y,2,N,n/a,N
12a_1074,3,Y,2,N,n/a,N
12a_1075,3,Y,2,N,n/a,N
12a_1076,3,Y,2,N,n/a,N
12a_1077,3,Y,2,N,n/a,N
12a_1078,3,Y,2,N,n/a,N
12a_1079,3,Y,2,N,n/a,N
12a_1080,3,Y,2,N,n/a,N
12a_1081,3,Y,2,N,n/a,N
12a_1082,3,Y,2,N,n/a,N
12a_1083,3,Y,2,N,n/a,N
12a_1084,3,Y,2,N,n/a,N
12a_1085,3,Y,2,N,n/a,N
12a_1086,3,Y,2,N,n/a,N
12a_1087,3,Y,2,N,n/a,N
12a_1088,3,Y,2,N,n/a,N
12a_1089,3,Y,2,N,n/a,N
12a_1090,3,Y,2,N,n/a,N
12a_1091,3,Y,2,N,n/a,N
12a_1092,3,Y,2,N,n/a,N
12a_1093,3,Y,2,N,n/a,N
12a_1094,3,Y,2,N,n/a,N
12a_1095,3,Y,2,N,n/a,N
12a_1096,3,Y,2,N,n/a,N
12a_1097,3,Y,2,N,n/a,N
12a_1098,3,Y,2,N,n/a,N
12a_1099,3,Y,2,N,n/a,N
12a_1100,3,Y,2,N,n/a,N
12a_1101,3,Y,2,N,n/a,N
12a_1102,3,Y,2,N,n/a,N
12a_1103,3,Y,2,N,n/a,N
12a_1104,3,Y,2,N,n/a,N
12a_1105,3,Y,2,N,n/a,N
12a_1106,3,Y,2,N,n/a,N
12a_1107,3,Y,2,N,n/a,N
12a_1108,3,Y,2,N,n/a,N
12a_1109,3,Y,2,N,n/a,N
12a_1110,3,Y,2,N,n/a,N
12a_1111,3,Y,2,N,n/a,N
12a_1112,3,Y,2,N,n/a,N
12a_1113,3,Y,2,N,n/a,N
12a_1114,3,Y,2,N,n/a,N
12a_1115,3,Y,2,N,n/a,N
12a_1116,3,Y,2,N,n/a,N
12a_1117,3,Y,2,N,n/a,N
12a_1118,3,Y,2,N,n/a,N
12a_1119,3,Y,2,N,n/a,N
12a_1120,3,Y,2,N,n/a,N
12a_1121,3,Y,2,N,n/a,N
12a_1122,3,Y,2,N,n/a,N
12a_1123,3,Y,2,N,n/a,N
12a_1124,3,Y,2,N,n/a,N
12a_1125,2,Y,1,N,n/a,N
12a_1126,2,Y,1,N,n/a,N
12a_1127,2,Y,1,N,n/a,N
12a_1128,2,Y,1,N,n/a,N
12a_1129,2,Y,1,N,n/a,N
12a_1130,2,Y,1,N,n/a,N
12a_1131,2,Y,1,N,n/a,N
12a_1132,2,Y,1,N,n/a,N
12a_1133,2,Y,1,N,n/a,N
12a_1134,2,Y,1,N,n/a,N
12a_1135,2,Y,1,N,n/a,N
12a_1136,2,Y,1,N,n/a,N
12a_1137,3,Y,2,Y,"[1/3, 1/3, 11/7]",N
12a_1138,2,Y,1,N,n/a,N
12a_1139,2,Y,1,N,n/a,N
12a_1140,2,Y,1,N,n/a,N
12a_1141,3,Y,2,N,n/a,N
12a_1142,3,Y,2,Y,"[1/3, 1/3, 5/9]",Y
12a_1143,3,Y,2,N,n/a,N
12a_1144,3,Y,2,Y,"[1/3, 1/3, 7/11]",N
12a_1145,2,Y,1,N,n/a,N
12a_1146,2,Y,1,N,n/a,N
12a_1147,3,Y,2,Y,"[1/3, 1/3, 11/4]",N
12a_1148,2,Y,1,N,n/a,N
12a_1149,2,Y,1,N,n/a,N
12a_1150,3,Y,2,N,n/a,N
12a_1151,3,Y,2,N,n/a,N
12a_1152,3,Y,2,N,n/a,N
12a_1153,3,Y,2,N,n/a,N
12a_1154,3,Y,2,N,n/a,N
12a_1155,3,Y,2,N,n/a,N
12a_1156,3,Y,2,N,n/a,N
12a_1157,2,Y,1,N,n/a,N
12a_1158,2,Y,1,N,n/a,N
12a_1159,2,Y,1,N,n/a,N
12a_1160,3,Y,2,Y,"[1/3, 1/3, 9/5]",N
12a_1161,2,Y,1,N,n/a,N
12a_1162,2,Y,1,N,n/a,N
12a_1163,2,Y,1,N,n/a,N
12a_1164,3,Y,2,Y,"[1/3, 1/3, 9/4]",N
12a_1165,2,Y,1,N,n/a,N
12a_1166,2,Y,1,N,n/a,N
12a_1167,3,Y,2,N,n/a,N
12a_1168,3,Y,2,N,n/a,N
12a_1169,3,Y,2,N,n/a,N
12a_1170,3,Y,2,N,n/a,N
12a_1171,3,Y,2,N,n/a,N
12a_1172,3,Y,2,N,n/a,N
12a_1173,3,Y,2,N,n/a,N
12a_1174,3,Y,2,N,n/a,N
12a_1175,3,Y,2,N,n/a,N
12a_1176,3,Y,2,N,n/a,N
12a_1177,3,Y,2,N,n/a,N
12a_1178,3,Y,2,N,n/a,N
12a_1179,3,Y,2,N,n/a,N
12a_1180,3,Y,2,N,n/a,N
12a_1181,3,Y,2,N,n/a,N
12a_1182,3,Y,2,N,n/a,N
12a_1183,3,Y,2,N,n/a,N
12a_1184,3,Y,2,N,n/a,N
12a_1185,3,Y,2,N,n/a,N
12a_1186,3,Y,2,N,n/a,N
12a_1187,3,Y,2,N,n/a,N
12a_1188,3,Y,2,N,n/a,N
12a_1189,3,Y,2,N,n/a,N
12a_1190,3,Y,2,N,n/a,N
12a_1191,3,Y,2,N,n/a,N
12a_1192,3,Y,2,N,n/a,N
12a_1193,3,Y,2,N,n/a,N
12a_1194,3,Y,2,N,n/a,N
12a_1195,3,Y,2,N,n/a,N
12a_1196,3,Y,2,N,n/a,N
12a_1197,3,Y,2,N,n/a,N
12a_1198,3,Y,2,N,n/a,N
12a_1199,3,Y,2,N,n/a,N
12a_1200,3,Y,2,N,n/a,N
12a_1201,3,Y,2,N,n/a,N
12a_1202,3,Y,2,N,n/a,N
12a_1203,3,Y,2,N,n/a,N
12a_1204,3,Y,2,N,n/a,N
12a_1205,3,Y,2,N,n/a,N
12a_1206,3,Y,2,N,n/a,N
12a_1207,3,Y,2,N,n/a,N
12a_1208,3,Y,2,N,n/a,N
12a_1209,3,Y,2,N,n/a,N
12a_1210,3,Y,2,N,n/a,N
12a_1211,3,Y,2,N,n/a,N
12a_1212,3,Y,2,N,n/a,N
12a_1213,3,Y,2,N,n/a,N
12a_1214,3,Y,1,Y,"[1/2, 1/5, 1/5]",N
12a_1215,3,Y,2,N,n/a,N
12a_1216,3,Y,2,N,n/a,N
12a_1217,3,Y,2,N,n/a,N
12a_1218,3,Y,2,N,n/a,N
12a_1219,3,Y,2,N,n/a,N
12a_1220,3,Y,2,N,n/a,N
12a_1221,3,Y,2,N,n/a,N
12a_1222,3,Y,2,N,n/a,N
12a_1223,3,Y,2,N,n/a,N
12a_1224,3,Y,2,N,n/a,N
12a_1225,3,Y,2,N,n/a,N
12a_1226,3,Y,2,N,n/a,N
12a_1227,3,Y,2,N,n/a,N
12a_1228,3,Y,2,N,n/a,N
12a_1229,3,Y,2,N,n/a,N
12a_1230,3,Y,2,N,n/a,N
12a_1231,3,Y,2,N,n/a,N
12a_1232,3,Y,2,N,n/a,N
12a_1233,3,Y,2,Y,"[1/3, 3/4, 1/5]",N
12a_1234,3,Y,2,Y,"[1/3, 3/4, 3/7]",N
12a_1235,3,Y,2,N,n/a,N
12a_1236,3,Y,2,N,n/a,N
12a_1237,3,Y,2,N,n/a,N
12a_1238,3,Y,2,N,n/a,N
12a_1239,3,Y,2,N,n/a,N
12a_1240,3,Y,2,N,n/a,N
12a_1241,3,Y,2,N,n/a,N
12a_1242,3,Y,2,Y,"[1/3, 1/4, 1/5]",N
12a_1243,3,Y,2,Y,"[1/3, 1/4, 3/7]",N
12a_1244,3,Y,2,N,n/a,N
12a_1245,3,Y,2,N,n/a,N
12a_1246,3,Y,2,N,n/a,N
12a_1247,3,Y,2,N,n/a,N
12a_1248,3,Y,2,N,n/a,N
12a_1249,3,Y,2,N,n/a,N
12a_1250,3,Y,2,N,n/a,N
12a_1251,3,Y,2,N,n/a,N
12a_1252,3,Y,2,N,n/a,N
12a_1253,3,Y,2,N,n/a,N
12a_1254,3,Y,2,N,n/a,N
12a_1255,3,Y,2,N,n/a,N
12a_1256,3,Y,2,N,n/a,N
12a_1257,3,Y,2,N,n/a,N
12a_1258,3,Y,2,N,n/a,N
12a_1259,3,Y,2,N,n/a,N
12a_1260,3,Y,2,N,n/a,N
12a_1261,3,Y,2,N,n/a,N
12a_1262,3,Y,2,N,n/a,N
12a_1263,3,Y,2,N,n/a,N
12a_1264,3,Y,2,N,n/a,N
12a_1265,3,Y,2,N,n/a,N
12a_1266,3,Y,2,N,n/a,N
12a_1267,3,Y,2,N,n/a,N
12a_1268,3,Y,2,N,n/a,N
12a_1269,3,Y,2,N,n/a,N
12a_1270,3,Y,2,N,n/a,N
12a_1271,3,Y,2,N,n/a,N
12a_1272,3,Y,2,N,n/a,N
12a_1273,2,Y,1,N,n/a,N
12a_1274,2,Y,1,N,n/a,N
12a_1275,2,Y,1,N,n/a,N
12a_1276,2,Y,1,N,n/a,N
12a_1277,2,Y,1,N,n/a,N
12a_1278,2,Y,1,N,n/a,N
12a_1279,2,Y,1,N,n/a,N
12a_1280,3,Y,2,N,n/a,N
12a_1281,2,Y,1,N,n/a,N
12a_1282,2,Y,1,N,n/a,N
12a_1283,3,Y,2,Y,"[1/3, 1/3, 5/6]",Y
12a_1284,3,Y,2,Y,"[1/3, 1/3, 7/10]",N
12a_1285,3,Y,2,Y,"[1/3, 1/3, 3/10]",N
12a_1286,3,Y,2,Y,"[1/3, 1/3, 1/6]",Y
12a_1287,2,Y,1,N,n/a,N
12a_1288,3,Y,2,N,n/a,N
12n_0001,3,N,,N,n/a,N
12n_0002,3,N,,N,n/a,N
12n_0003,3,N,,N,n/a,N
12n_0004,3,N,,N,n/a,N
12n_0005,3,N,,N,n/a,N
12n_0006,3,N,,N,n/a,N
12n_0007,3,N,,N,n/a,N
12n_0008,3,N,,N,n/a,N
12n_0009,3,N,,N,n/a,N
12n_0010,3,N,,N,n/a,N
12n_0011,3,N,1,Y,"[1/2, -3/5, 7/9]",N
12n_0012,3,N,1,Y,"[1/2, 3/5, -2/9]",N
12n_0013,3,N,1,Y,"[1/2, 3/5, -7/9]",N
12n_0014,3,N,,N,n/a,N
12n_0015,3,N,,N,n/a,N
12n_0016,3,N,,N,n/a,N
12n_0017,3,N,,N,n/a,N
12n_0018,3,N,,N,n/a,N
12n_0019,3,N,,N,n/a,N
12n_0020,3,N,,N,n/a,N
12n_0021,3,N,,N,n/a,N
12n_0022,3,N,,N,n/a,N
12n_0023,3,N,,N,n/a,N
12n_0024,3,N,,N,n/a,N
12n_0025,3,N,1,Y,"[1/2, -3/5, 2/9]",N
12n_0026,3,N,,N,n/a,N
12n_0027,3,N,,N,n/a,N
12n_0028,3,N,,N,n/a,N
12n_0029,3,N,,N,n/a,N
12n_0030,3,N,,N,n/a,N
12n_0031,3,N,,N,n/a,N
12n_0032,3,N,,N,n/a,N
12n_0033,3,N,,N,n/a,N
12n_0034,3,N,,N,n/a,N
12n_0035,3,N,1,Y,"[1/2, -3/5, 8/11]",N
12n_0036,3,N,1,Y,"[1/2, 3/5, -3/11]",N
12n_0037,3,N,1,Y,"[1/2, 3/5, -8/11]",N
12n_0038,3,N,1,Y,"[1/2, -3/5, 8/13]",N
12n_0039,3,N,1,Y,"[1/2, 3/5, -5/13]",N
12n_0040,3,N,1,Y,"[1/2, 3/5, -8/13]",N
12n_0041,3,N,1,Y,"[1/2, -3/5, 3/11]",N
12n_0042,3,N,1,Y,"[1/2, -3/5, 7/11]",N
12n_0043,3,N,1,Y,"[1/2, 3/5, -4/11]",N
12n_0044,3,N,1,Y,"[1/2, 3/5, -7/11]",N
12n_0045,3,N,1,Y,"[1/2, -3/5, 5/13]",N
12n_0046,3,N,1,Y,"[1/2, -3/5, 5/9]",N
12n_0047,3,N,1,Y,"[1/2, 3/5, -4/9]",N
12n_0048,3,N,1,Y,"[1/2, 3/5, -5/9]",N
12n_0049,3,N,,N,n/a,N
12n_0050,3,N,,N,n/a,N
12n_0051,3,N,,N,n/a,N
12n_0052,3,N,,N,n/a,N
12n_0053,3,N,,N,n/a,N
12n_0054,3,N,1,Y,"[1/2, -3/5, 4/11]",N
12n_0055,4,N,2,Y,"[1/2, 2/3, 2/3, -3/5]",N
12n_0056,4,N,2,Y,"[1/2, 2/3, -2/3, -2/5]",N
12n_0057,4,N,2,Y,"[1/2, 2/3, -2/3, -3/5]",N
12n_0058,4,N,2,Y,"[1/2, 2/3, 2/3, -2/5]",N
12n_0059,4,N,2,Y,"[1/2, 2/3, -1/3, -3/5]",N
12n_0060,4,N,2,Y,"[1/2, 2/3, -2/3, 3/5]",N
12n_0061,4,N,2,Y,"[1/2, -2/3, 2/3, 3/5]",N
12n_0062,4,N,2,Y,"[1/2, -2/3, 2/3, 2/5]",N
12n_0063,4,N,2,Y,"[1/2, 2/3, -1/3, -2/5]",N
12n_0064,4,N,2,Y,"[1/2, -2/3, 1/3, 3/5]",N
12n_0065,3,N,1,Y,"[1/2, -3/5, 4/9]",N
12n_0066,4,N,2,Y,"[1/2, 2/3, -2/3, 2/5]",N
12n_0067,4,N,2,Y,"[1/2, -2/3, 1/3, 2/5]",N
12n_0068,3,N,,N,n/a,N
12n_0069,3,N,,N,n/a,N
12n_0070,3,N,,N,n/a,N
12n_0071,3,N,,N,n/a,N
12n_0072,3,N,,N,n/a,N
12n_0073,3,N,,N,n/a,N
12n_0074,3,N,,N,n/a,N
12n_0075,3,N,,N,n/a,N
12n_0076,3,N,,N,n/a,N
12n_0077,3,N,1,Y,"[1/2, -2/3, 9/11]",N
12n_0078,3,N,1,Y,"[1/2, 2/3, -2/11]",N
12n_0079,3,N,1,Y,"[1/2, 2/3, -9/11]",N
12n_0080,3,N,,N,n/a,N
12n_0081,3,N,,N,n/a,N
12n_0082,3,N,,N,n/a,N
12n_0083,3,N,,N,n/a,N
12n_0084,3,N,,N,n/a,N
12n_0085,3,N,,N,n/a,N
12n_0086,3,N,,N,n/a,N
12n_0087,3,N,,N,n/a,N
12n_0088,3,N,,N,n/a,N
12n_0089,3,N,,N,n/a,N
12n_0090,3,N,,N,n/a,N
12n_0091,3,N,,N,n/a,N
12n_0092,3,N,,N,n/a,N
12n_0093,3,N,,N,n/a,N
12n_0094,3,N,,N,n/a,N
12n_0095,3,N,,N,n/a,N
12n_0096,3,N,,N,n/a,N
12n_0097,3,N,,N,n/a,N
12n_0098,3,N,,N,n/a,N
12n_0099,3,N,,N,n/a,N
12n_0100,3,N,,N,n/a,N
12n_0101,3,N,,N,n/a,N
12n_0102,3,N,,N,n/a,N
12n_0103,3,N,,N,n/a,N
12n_0104,3,N,,N,n/a,N
12n_0105,3,N,,N,n/a,N
12n_0106,3,N,,N,n/a,N
12n_0107,3,N,,N,n/a,N
12n_0108,3,N,,N,n/a,N
12n_0109,3,N,,N,n/a,N
12n_0110,3,N,,N,n/a,N
12n_0111,3,N,,N,n/a,N
12n_0112,3,N,,N,n/a,N
12n_0113,3,N,,N,n/a,N
12n_0114,3,N,,N,n/a,N
12n_0115,3,N,,N,n/a,N
12n_0116,3,N,,N,n/a,N
12n_0117,3,N,,N,n/a,N
12n_0118,3,N,,N,n/a,N
12n_0119,3,N,,N,n/a,N
12n_0120,3,N,,N,n/a,N
12n_0121,3,N,1,Y,"[1/2, -2/3, 2/11]",N
12n_0122,3,N,,N,n/a,N
12n_0123,3,N,,N,n/a,N
12n_0124,3,N,,N,n/a,N
12n_0125,3,N,,N,n/a,N
12n_0126,3,N,,N,n/a,N
12n_0127,3,N,,N,n/a,N
12n_0128,3,N,,N,n/a,N
12n_0129,3,N,,N,n/a,N
12n_0130,3,N,,N,n/a,N
12n_0131,3,N,,N,n/a,N
12n_0132,3,N,,N,n/a,N
12n_0133,3,N,,N,n/a,N
12n_0134,3,N,,N,n/a,N
12n_0135,3,N,,N,n/a,N
12n_0136,3,N,,N,n/a,N
12n_0137,3,N,,N,n/a,N
12n_0138,3,N,,N,n/a,N
12n_0139,3,N,,N,n/a,N
12n_0140,3,N,,N,n/a,N
12n_0141,3,N,,N,n/a,N
12n_0142,3,N,2,Y,"[2/3, -2/5, -5/8]",N
12n_0143,3,N,2,Y,"[2/3, -2/5, -3/8]",N
12n_0144,3,N,2,Y,"[3/5, -3/5, 3/4]",N
12n_0145,3,N,2,Y,"[3/5, -3/5, 1/4]",N
12n_0146,3,N,2,Y,"[2/3, -2/5, -5/7]",N
12n_0147,3,N,2,Y,"[3/5, 3/5, -3/5]",Y
12n_0148,3,N,2,Y,"[2/3, -2/5, -3/7]",N
12n_0149,3,N,2,Y,"[2/3, -2/5, -1/5]",N
12n_0150,3,N,1,Y,"[1/2, -2/3, 13/21]",N
12n_0151,3,N,1,Y,"[1/2, 2/3, -8/21]",N
12n_0152,3,N,1,Y,"[1/2, 2/3, -13/21]",N
12n_0153,3,N,1,Y,"[1/2, -2/3, 5/17]",N
12n_0154,3,N,1,Y,"[1/2, 2/3, -12/17]",N
12n_0155,3,N,1,Y,"[1/2, 2/3, -5/17]",N
12n_0156,3,N,,N,n/a,N
12n_0157,3,N,,N,n/a,N
12n_0158,3,N,,N,n/a,N
12n_0159,3,N,1,Y,"[1/2, -2/3, 12/17]",N
12n_0160,3,N,1,Y,"[1/2, -2/3, 12/19]",N
12n_0161,3,N,1,Y,"[1/2, 2/3, -7/19]",N
12n_0162,3,N,1,Y,"[1/2, 2/3, -12/19]",N
12n_0163,3,N,1,Y,"[1/2, -2/3, 11/19]",N
12n_0164,3,N,1,Y,"[1/2, 2/3, -8/19]",N
12n_0165,3,N,1,Y,"[1/2, 2/3, -11/19]",N
12n_0166,3,N,1,Y,"[1/2, -2/3, 9/13]",N
12n_0167,3,N,1,Y,"[1/2, 2/3, -4/13]",N
12n_0168,3,N,1,Y,"[1/2, 2/3, -9/13]",N
12n_0169,3,N,1,Y,"[1/2, -2/3, 11/15]",N
12n_0170,3,N,1,Y,"[1/2, 2/3, -4/15]",N
12n_0171,3,N,1,Y,"[1/2, 2/3, -11/15]",N
12n_0172,3,N,1,Y,"[1/2, -2/3, 7/19]",N
12n_0173,3,N,,N,n/a,N
12n_0174,3,N,,N,n/a,N
12n_0175,3,N,,N,n/a,N
12n_0176,3,N,,N,n/a,N
12n_0177,3,N,,N,n/a,N
12n_0178,3,N,,N,n/a,N
12n_0179,3,N,,N,n/a,N
12n_0180,3,N,,N,n/a,N
12n_0181,3,N,,N,n/a,N
12n_0182,3,N,,N,n/a,N
12n_0183,3,N,,N,n/a,N
12n_0184,3,N,,N,n/a,N
12n_0185,3,N,,N,n/a,N
12n_0186,3,N,,N,n/a,N
12n_0187,3,N,,N,n/a,N
12n_0188,3,N,,N,n/a,N
12n_0189,3,N,,N,n/a,N
12n_0190,3,N,,N,n/a,N
12n_0191,3,N,,N,n/a,N
12n_0192,3,N,,N,n/a,N
12n_0193,3,N,,N,n/a,N
12n_0194,3,N,,N,n/a,N
12n_0195,3,N,,N,n/a,N
12n_0196,3,N,,N,n/a,N
12n_0197,3,N,,N,n/a,N
12n_0198,3,N,1,Y,"[1/2, -2/3, 8/21]",N
12n_0199,3,N,1,Y,"[1/2, -2/3, 4/13]",N
12n_0200,3,N,1,Y,"[1/2, -2/3, 4/15]",N
12n_0201,3,N,,N,n/a,N
12n_0202,3,N,,N,n/a,N
12n_0203,3,N,,N,n/a,N
12n_0204,3,N,,N,n/a,N
12n_0205,3,N,,N,n/a,N
12n_0206,3,N,,N,n/a,N
12n_0207,3,N,,N,n/a,N
12n_0208,3,N,,N,n/a,N
12n_0209,3,N,,N,n/a,N
12n_0210,3,N,,N,n/a,N
12n_0211,3,N,,N,n/a,N
12n_0212,3,N,,N,n/a,N
12n_0213,3,N,,N,n/a,N
12n_0214,3,N,,N,n/a,N
12n_0215,3,N,,N,n/a,N
12n_0216,3,N,,N,n/a,N
12n_0217,3,N,,N,n/a,N
12n_0218,3,N,1,Y,"[1/2, -2/3, 8/19]",N
12n_0219,4,N,2,Y,"[1/2, 2/3, 3/5, -2/3]",N
12n_0220,4,N,2,Y,"[1/2, 2/3, -3/5, -1/3]",N
12n_0221,4,N,2,Y,"[1/2, 2/3, -3/5, -2/3]",N
12n_0222,4,N,2,Y,"[1/2, 2/3, 3/5, -1/3]",N
12n_0223,4,N,2,Y,"[1/2, 2/3, -3/5, 2/3]",N
12n_0224,4,N,2,Y,"[1/2, 2/3, -3/5, 1/3]",N
12n_0225,4,N,2,Y,"[1/2, 2/3, -2/5, -1/3]",N
12n_0226,3,N,,N,n/a,N
12n_0227,3,N,,N,n/a,N
12n_0228,3,N,,N,n/a,N
12n_0229,4,N,2,Y,"[1/2, -2/3, 2/5, 1/3]",N
12n_0230,3,N,,N,n/a,N
12n_0231,3,N,,N,n/a,N
12n_0232,3,N,,N,n/a,N
12n_0233,3,N,1,Y,"[1/2, -2/3, 6/7]",N
12n_0234,3,N,1,Y,"[1/2, 2/3, -1/7]",N
12n_0235,3,N,1,Y,"[1/2, 2/3, -6/7]",N
12n_0236,3,N,1,Y,"[1/2, -2/3, 10/13]",N
12n_0237,3,N,1,Y,"[1/2, 2/3, -3/13]",N
12n_0238,3,N,1,Y,"[1/2, 2/3, -10/13]",N
12n_0239,3,N,1,Y,"[1/2, -2/3, 10/17]",N
12n_0240,3,N,1,Y,"[1/2, 2/3, -7/17]",N
12n_0241,3,N,1,Y,"[1/2, 2/3, -10/17]",N
12n_0242,3,N,1,Y,"[1/2, -2/3, 1/7]",N
12n_0243,3,N,1,Y,"[1/2, -2/3, 3/13]",N
12n_0244,3,N,1,Y,"[1/2, -2/3, 7/17]",N
12n_0245,3,N,,N,n/a,N
12n_0246,3,N,,N,n/a,N
12n_0247,3,N,,N,n/a,N
12n_0248,3,N,1,Y,"[1/2, -2/3, 6/11]",N
12n_0249,3,N,1,Y,"[1/2, 2/3, -5/11]",N
12n_0250,3,N,1,Y,"[1/2, 2/3, -6/11]",N
12n_0251,3,N,1,Y,"[1/2, -2/3, 5/11]",N
12n_0252,3,N,,N,n/a,N
12n_0253,3,N,,N,n/a,N
12n_0254,3,N,,N,n/a,N
12n_0255,3,N,,N,n/a,N
12n_0256,3,N,,N,n/a,N
12n_0257,3,N,,N,n/a,N
12n_0258,3,N,,N,n/a,N
12n_0259,3,N,,N,n/a,N
12n_0260,3,N,,N,n/a,N
12n_0261,4,N,2,Y,"[1/2, -2/3, 3/5, 1/3]",N
12n_0262,3,N,,N,n/a,N
12n_0263,3,N,,N,n/a,N
12n_0264,3,N,,N,n/a,N
12n_0265,3,N,,N,n/a,N
12n_0266,3,N,,N,n/a,N
12n_0267,3,N,,N,n/a,N
12n_0268,3,N,,N,n/a,N
12n_0269,3,N,,N,n/a,N
12n_0270,3,N,,N,n/a,N
12n_0271,3,N,2,Y,"[2/3, -3/5, 3/8]",N
12n_0272,3,N,2,Y,"[2/3, -3/5, 5/8]",N
12n_0273,3,N,2,Y,"[3/5, -2/5, -1/4]",N
12n_0274,3,N,2,Y,"[3/5, -2/5, -3/4]",N
12n_0275,3,N,2,Y,"[2/3, -3/5, 2/7]",N
12n_0276,3,N,2,Y,"[3/5, -2/5, -2/5]",Y
12n_0277,3,N,2,Y,"[2/3, -3/5, 4/7]",N
12n_0278,3,N,2,Y,"[2/3, -3/5, 4/5]",N
12n_0279,3,N,,N,n/a,N
12n_0280,3,N,,N,n/a,N
12n_0281,3,N,,N,n/a,N
12n_0282,3,N,,N,n/a,N
12n_0283,3,N,,N,n/a,N
12n_0284,3,N,,N,n/a,N
12n_0285,3,N,,N,n/a,N
12n_0286,3,N,2,Y,"[2/3, -2/3, 5/13]",N
12n_0287,3,N,,N,n/a,N
12n_0288,3,N,1,Y,"[1/2, 5/7, -5/7]",N
12n_0289,3,N,1,Y,"[1/2, 5/7, -2/7]",N
12n_0290,3,N,,N,n/a,N
12n_0291,3,N,,N,n/a,N
12n_0292,3,N,,N,n/a,N
12n_0293,3,N,1,Y,"[1/2, -5/7, 2/7]",N
12n_0294,3,N,2,Y,"[3/5, 3/5, -3/4]",N
12n_0295,3,N,2,Y,"[2/3, 3/5, -3/8]",N
12n_0296,3,N,2,Y,"[2/3, -3/5, -3/8]",N
12n_0297,3,N,2,Y,"[3/5, 3/5, -1/4]",N
12n_0298,3,N,,N,n/a,N
12n_0299,3,N,,N,n/a,N
12n_0300,3,N,2,Y,"[2/3, 3/5, -5/8]",N
12n_0301,3,N,2,Y,"[2/3, -3/5, -5/8]",N
12n_0302,3,N,2,Y,"[2/3, 2/3, -5/13]",N
12n_0303,3,N,1,Y,"[1/2, -5/7, 4/5]",N
12n_0304,3,N,1,Y,"[1/2, 5/7, -1/5]",N
12n_0305,3,N,1,Y,"[1/2, 5/7, -4/5]",N
12n_0306,3,N,1,Y,"[1/2, -5/7, 4/7]",N
12n_0307,3,N,1,Y,"[1/2, 5/7, -3/7]",N
12n_0308,3,N,1,Y,"[1/2, 5/7, -4/7]",N
12n_0309,3,N,1,Y,"[1/2, -5/7, 1/5]",N
12n_0310,3,N,1,Y,"[1/2, -5/7, 3/7]",N
12n_0311,3,N,,N,n/a,N
12n_0312,3,N,,N,n/a,N
12n_0313,3,N,,N,n/a,N
12n_0314,3,N,,N,n/a,N
12n_0315,3,N,,N,n/a,N
12n_0316,3,N,,N,n/a,N
12n_0317,3,N,,N,n/a,N
12n_0318,3,N,,N,n/a,N
12n_0319,3,N,,N,n/a,N
12n_0320,3,N,,N,n/a,N
12n_0321,3,N,,N,n/a,N
12n_0322,3,N,2,Y,"[2/3, -3/5, -2/7]",N
12n_0323,3,N,,N,n/a,N
12n_0324,3,N,,N,n/a,N
12n_0325,3,N,,N,n/a,N
12n_0326,3,N,,N,n/a,N
12n_0327,3,N,,N,n/a,N
12n_0328,3,N,,N,n/a,N
12n_0329,3,N,,N,n/a,N
12n_0330,3,N,,N,n/a,N
12n_0331,3,N,,N,n/a,N
12n_0332,3,N,2,Y,"[2/3, -1/3, -2/9]",Y
12n_0333,3,N,2,Y,"[2/3, 2/3, -7/9]",Y
12n_0334,3,N,2,Y,"[2/3, -2/3, 7/9]",Y
12n_0335,3,N,,N,n/a,N
12n_0336,3,N,,N,n/a,N
12n_0337,3,N,2,Y,"[2/3, 3/5, -2/7]",N
12n_0338,3,N,2,Y,"[2/3, -1/4, -5/7]",N
12n_0339,3,N,2,Y,"[2/3, 3/4, -2/7]",N
12n_0340,3,N,2,Y,"[2/3, -3/4, 2/7]",N
12n_0341,3,N,2,Y,"[2/3, -3/4, -5/7]",N
12n_0342,3,N,2,Y,"[2/3, -3/4, 5/7]",N
12n_0343,3,N,2,Y,"[2/3, 3/4, -5/7]",N
12n_0344,3,N,,N,n/a,N
12n_0345,3,N,,N,n/a,N
12n_0346,3,N,,N,n/a,N
12n_0347,3,N,2,Y,"[2/3, -3/4, -2/7]",N
12n_0348,3,N,,N,n/a,N
12n_0349,3,N,,N,n/a,N
12n_0350,3,N,,N,n/a,N
12n_0351,3,N,,N,n/a,N
12n_0352,3,N,,N,n/a,N
12n_0353,3,N,,N,n/a,N
12n_0354,3,N,,N,n/a,N
12n_0355,3,N,,N,n/a,N
12n_0356,3,N,,N,n/a,N
12n_0357,3,N,,N,n/a,N
12n_0358,3,N,,N,n/a,N
12n_0359,3,N,,N,n/a,N
12n_0360,3,N,,N,n/a,N
12n_0361,3,N,,N,n/a,N
12n_0362,3,N,,N,n/a,N
12n_0363,3,N,,N,n/a,N
12n_0364,3,N,,N,n/a,N
12n_0365,3,N,,N,n/a,N
12n_0366,3,N,,N,n/a,N
12n_0367,3,N,,N,n/a,N
12n_0368,3,N,,N,n/a,N
12n_0369,3,N,,N,n/a,N
12n_0370,3,N,,N,n/a,N
12n_0371,3,N,,N,n/a,N
12n_0372,3,N,,N,n/a,N
12n_0373,3,N,,N,n/a,N
12n_0374,3,N,,N,n/a,N
12n_0375,3,N,,N,n/a,N
12n_0376,3,N,,N,n/a,N
12n_0377,3,N,,N,n/a,N
12n_0378,3,N,,N,n/a,N
12n_0379,3,N,2,Y,"[2/3, -2/3, 7/12]",Y
12n_0380,3,N,2,Y,"[2/3, 2/3, -7/12]",Y
12n_0381,3,N,,N,n/a,N
12n_0382,3,N,,N,n/a,N
12n_0383,3,N,,N,n/a,N
12n_0384,3,N,,N,n/a,N
12n_0385,3,N,,N,n/a,N
12n_0386,3,N,2,Y,"[2/3, -1/3, -5/12]",Y
12n_0387,3,N,2,Y,"[2/3, -1/3, -7/12]",Y
12n_0388,3,N,2,Y,"[2/3, -2/3, 5/12]",Y
12n_0389,3,N,2,Y,"[2/3, 2/3, -5/12]",Y
12n_0390,3,N,,N,n/a,N
12n_0391,3,N,,N,n/a,N
12n_0392,3,N,,N,n/a,N
12n_0393,3,N,,N,n/a,N
12n_0394,3,N,,N,n/a,N
12n_0395,3,N,,N,n/a,N
12n_0396,3,N,,N,n/a,N
12n_0397,3,N,,N,n/a,N
12n_0398,3,N,,N,n/a,N
12n_0399,3,N,,N,n/a,N
12n_0400,3,N,,N,n/a,N
12n_0401,3,N,,N,n/a,N
12n_0402,3,N,2,Y,"[2/3, -1/3, -4/9]",Y
12n_0403,3,N,,N,n/a,N
12n_0404,3,N,1,Y,"[2/3, -1/3, -4/11]",N
12n_0405,3,N,,N,n/a,N
12n_0406,3,N,,N,n/a,N
12n_0407,3,N,,N,n/a,N
12n_0408,3,N,,N,n/a,N
12n_0409,3,N,,N,n/a,N
12n_0410,3,N,,N,n/a,N
12n_0411,3,N,,N,n/a,N
12n_0412,3,N,,N,n/a,N
12n_0413,3,N,,N,n/a,N
12n_0414,3,N,,N,n/a,N
12n_0415,3,N,,N,n/a,N
12n_0416,3,N,,N,n/a,N
12n_0417,3,N,,N,n/a,N
12n_0418,3,N,,N,n/a,N
12n_0419,3,N,,N,n/a,N
12n_0420,3,N,,N,n/a,N
12n_0421,3,N,,N,n/a,N
12n_0422,3,N,,N,n/a,N
12n_0423,3,N,,N,n/a,N
12n_0424,3,N,,N,n/a,N
12n_0425,3,N,,N,n/a,N
12n_0426,3,N,,N,n/a,N
12n_0427,3,N,,N,n/a,N
12n_0428,3,N,,N,n/a,N
12n_0429,3,N,,N,n/a,N
12n_0430,3,N,,N,n/a,N
12n_0431,3,N,,N,n/a,N
12n_0432,3,N,,N,n/a,N
12n_0433,3,N,,N,n/a,N
12n_0434,3,N,,N,n/a,N
12n_0435,3,N,,N,n/a,N
12n_0436,3,N,,N,n/a,N
12n_0437,3,N,,N,n/a,N
12n_0438,3,N,,N,n/a,N
12n_0439,3,N,,N,n/a,N
12n_0440,3,N,,N,n/a,N
12n_0441,3,N,,N,n/a,N
12n_0442,3,N,,N,n/a,N
12n_0443,3,N,,N,n/a,N
12n_0444,3,N,2,Y,"[2/3, -2/3, 3/11]",N
12n_0445,3,N,,N,n/a,N
12n_0446,3,N,,N,n/a,N
12n_0447,3,N,2,Y,"[2/3, 3/5, -4/7]",N
12n_0448,3,N,,N,n/a,N
12n_0449,3,N,,N,n/a,N
12n_0450,3,N,,N,n/a,N
12n_0451,3,N,,N,n/a,N
12n_0452,3,N,,N,n/a,N
12n_0453,3,N,,N,n/a,N
12n_0454,3,N,,N,n/a,N
12n_0455,3,N,,N,n/a,N
12n_0456,3,N,,N,n/a,N
12n_0457,3,N,2,Y,"[2/3, -1/4, -2/7]",N
12n_0458,3,N,,N,n/a,N
12n_0459,3,N,,N,n/a,N
12n_0460,3,N,,N,n/a,N
12n_0461,3,N,,N,n/a,N
12n_0462,3,N,,N,n/a,N
12n_0463,3,N,,N,n/a,N
12n_0464,3,N,,N,n/a,N
12n_0465,3,N,,N,n/a,N
12n_0466,3,N,2,Y,"[2/3, -3/4, -4/5]",N
12n_0467,3,N,2,Y,"[2/3, -3/4, 4/5]",N
12n_0468,3,N,2,Y,"[2/3, 3/4, -4/5]",N
12n_0469,3,N,2,Y,"[2/3, -3/4, -4/7]",N
12n_0470,3,N,2,Y,"[2/3, -3/4, 4/7]",N
12n_0471,3,N,2,Y,"[2/3, 3/4, -4/7]",N
12n_0472,3,N,2,Y,"[2/3, -1/4, -1/5]",N
12n_0473,3,N,2,Y,"[2/3, -1/4, -3/7]",N
12n_0474,3,N,2,Y,"[2/3, -3/4, -1/5]",N
12n_0475,3,N,2,Y,"[2/3, -3/4, 1/5]",N
12n_0476,3,N,2,Y,"[2/3, 3/4, -1/5]",N
12n_0477,3,N,2,Y,"[2/3, -3/4, -3/7]",N
12n_0478,3,N,2,Y,"[2/3, -3/4, 3/7]",N
12n_0479,3,N,2,Y,"[2/3, 3/4, -3/7]",N
12n_0480,3,N,,N,n/a,N
12n_0481,3,N,,N,n/a,N
12n_0482,3,N,,N,n/a,N
12n_0483,3,N,,N,n/a,N
12n_0484,3,N,,N,n/a,N
12n_0485,3,N,,N,n/a,N
12n_0486,3,N,,N,n/a,N
12n_0487,3,N,,N,n/a,N
12n_0488,3,N,,N,n/a,N
12n_0489,3,N,,N,n/a,N
12n_0490,3,N,,N,n/a,N
12n_0491,3,N,,N,n/a,N
12n_0492,3,N,,N,n/a,N
12n_0493,3,N,,N,n/a,N
12n_0494,3,N,,N,n/a,N
12n_0495,3,N,,N,n/a,N
12n_0496,3,N,,N,n/a,N
12n_0497,3,N,2,Y,"[2/3, 2/3, -3/11]",N
12n_0498,3,N,,N,n/a,N
12n_0499,3,N,,N,n/a,N
12n_0500,3,N,1,Y,"[1/2, -4/7, 4/5]",N
12n_0501,3,N,1,Y,"[1/2, 4/7, -4/7]",N
12n_0502,3,N,1,Y,"[1/2, -4/7, 1/5]",N
12n_0503,3,N,1,Y,"[1/2, -4/7, 3/7]",N
12n_0504,3,N,,N,n/a,N
12n_0505,3,N,,N,n/a,N
12n_0506,3,N,,N,n/a,N
12n_0507,3,N,,N,n/a,N
12n_0508,3,N,,N,n/a,N
12n_0509,3,N,,N,n/a,N
12n_0510,3,N,,N,n/a,N
12n_0511,3,N,,N,n/a,N
12n_0512,3,N,,N,n/a,N
12n_0513,3,N,,N,n/a,N
12n_0514,3,N,,N,n/a,N
12n_0515,3,N,,N,n/a,N
12n_0516,3,N,,N,n/a,N
12n_0517,3,N,,N,n/a,N
12n_0518,3,N,,N,n/a,N
12n_0519,3,N,,N,n/a,N
12n_0520,3,N,,N,n/a,N
12n_0521,3,N,,N,n/a,N
12n_0522,3,N,2,Y,"[2/3, -1/4, -4/5]",N
12n_0523,3,N,2,Y,"[2/3, -1/4, -4/7]",N
12n_0524,3,N,,N,n/a,N
12n_0525,3,N,,N,n/a,N
12n_0526,3,N,,N,n/a,N
12n_0527,3,N,,N,n/a,N
12n_0528,3,N,,N,n/a,N
12n_0529,3,N,,N,n/a,N
12n_0530,3,N,,N,n/a,N
12n_0531,3,N,,N,n/a,N
12n_0532,3,N,,N,n/a,N
12n_0533,3,N,,N,n/a,N
12n_0534,3,N,,N,n/a,N
12n_0535,3,N,,N,n/a,N
12n_0536,3,N,,N,n/a,N
12n_0537,3,N,,N,n/a,N
12n_0538,3,N,,N,n/a,N
12n_0539,3,N,,N,n/a,N
12n_0540,3,N,,N,n/a,N
12n_0541,3,N,,N,n/a,N
12n_0542,3,N,,N,n/a,N
12n_0543,3,N,,N,n/a,N
12n_0544,3,N,,N,n/a,N
12n_0545,3,N,,N,n/a,N
12n_0546,3,N,2,Y,"[2/3, 2/3, -5/9]",Y
12n_0547,3,N,2,Y,"[2/3, 2/3, -7/11]",N
12n_0548,3,N,,N,n/a,N
12n_0549,3,N,,N,n/a,N
12n_0550,3,N,2,Y,"[2/3, -1/3, -8/13]",N
12n_0551,3,N,,N,n/a,N
12n_0552,3,N,,N,n/a,N
12n_0553,4,N,3,Y,"[2/3, 2/3, -2/3, 1/3]",Y
12n_0554,4,N,3,Y,"[2/3, 2/3, -2/3, -1/3]",Y
12n_0555,4,N,3,Y,"[2/3, 2/3, 2/3, -1/3]",Y
12n_0556,4,N,3,Y,"[2/3, -2/3, 2/3, 1/3]",Y
12n_0557,3,N,,N,n/a,N
12n_0558,3,N,,N,n/a,N
12n_0559,3,N,2,Y,"[2/3, -3/5, -4/7]",N
12n_0560,3,N,,N,n/a,N
12n_0561,3,N,2,Y,"[2/3, -3/5, -4/5]",N
12n_0562,3,N,2,Y,"[2/3, 3/5, -4/5]",N
12n_0563,3,N,,N,n/a,N
12n_0564,3,N,2,Y,"[2/3, -1/3, -8/11]",N
12n_0565,3,N,2,Y,"[2/3, -2/3, 5/9]",Y
12n_0566,3,N,2,Y,"[2/3, -2/3, 7/11]",N
12n_0567,3,N,,N,n/a,N
12n_0568,3,N,,N,n/a,N
12n_0569,3,N,,N,n/a,N
12n_0570,3,N,2,Y,"[2/3, -2/3, 5/6]",Y
12n_0571,3,N,2,Y,"[2/3, 2/3, -5/6]",Y
12n_0572,3,N,2,Y,"[2/3, -2/3, 7/10]",N
12n_0573,3,N,2,Y,"[2/3, 2/3, -7/10]",N
12n_0574,3,N,2,Y,"[2/3, -1/3, -1/6]",Y
12n_0575,3,N,1,Y,"[2/3, -1/3, -3/10]",N
12n_0576,3,N,2,Y,"[2/3, -1/3, -7/10]",N
12n_0577,3,N,2,Y,"[2/3, -2/3, 3/10]",N
12n_0578,3,N,2,Y,"[2/3, 2/3, -3/10]",N
12n_0579,3,N,,N,n/a,N
12n_0580,3,N,,N,n/a,N
12n_0581,3,N,2,Y,"[2/3, -1/3, -5/6]",Y
12n_0582,3,N,2,Y,"[2/3, -2/3, 1/6]",Y
12n_0583,3,N,2,Y,"[2/3, 2/3, -1/6]",Y
12n_0584,3,N,,N,n/a,N
12n_0585,3,N,,N,n/a,N
12n_0586,3,N,,N,n/a,N
12n_0587,3,N,,N,n/a,N
12n_0588,3,N,,N,n/a,N
12n_0589,3,N,,N,n/a,N
12n_0590,3,N,,N,n/a,N
12n_0591,3,N,,N,n/a,N
12n_0592,3,N,,N,n/a,N
12n_0593,3,N,,N,n/a,N
12n_0594,3,N,,N,n/a,N
12n_0595,3,N,,N,n/a,N
12n_0596,3,N,,N,n/a,N
12n_0597,3,N,,N,n/a,N
12n_0598,3,N,,N,n/a,N
12n_0599,3,N,,N,n/a,N
12n_0600,3,N,,N,n/a,N
12n_0601,3,N,,N,n/a,N
12n_0602,3,N,,N,n/a,N
12n_0603,3,N,,N,n/a,N
12n_0604,3,N,,N,n/a,N
12n_0605,3,N,,N,n/a,N
12n_0606,3,N,,N,n/a,N
12n_0607,3,N,,N,n/a,N
12n_0608,3,N,,N,n/a,N
12n_0609,3,N,,N,n/a,N
12n_0610,3,N,,N,n/a,N
12n_0611,3,N,,N,n/a,N
12n_0612,3,N,,N,n/a,N
12n_0613,3,N,,N,n/a,N
12n_0614,3,N,,N,n/a,N
12n_0615,3,N,,N,n/a,N
12n_0616,3,N,,N,n/a,N
12n_0617,3,N,,N,n/a,N
12n_0618,3,N,,N,n/a,N
12n_0619,3,N,,N,n/a,N
12n_0620,3,N,,N,n/a,N
12n_0621,3,N,,N,n/a,N
12n_0622,3,N,,N,n/a,N
12n_0623,3,N,,N,n/a,N
12n_0624,3,N,,N,n/a,N
12n_0625,3,N,,N,n/a,N
12n_0626,3,N,,N,n/a,N
12n_0627,3,N,,N,n/a,N
12n_0628,3,N,,N,n/a,N
12n_0629,3,N,,N,n/a,N
12n_0630,3,N,,N,n/a,N
12n_0631,3,N,,N,n/a,N
12n_0632,3,N,,N,n/a,N
12n_0633,3,N,,N,n/a,N
12n_0634,3,N,,N,n/a,N
12n_0635,3,N,,N,n/a,N
12n_0636,3,N,,N,n/a,N
12n_0637,3,N,,N,n/a,N
12n_0638,3,N,,N,n/a,N
12n_0639,3,N,,N,n/a,N
12n_0640,3,N,,N,n/a,N
12n_0641,3,N,,N,n/a,N
12n_0642,4,N,3,Y,"[2/3, -1/3, -1/3, -1/3]",Y
12n_0643,3,N,,N,n/a,N
12n_0644,3,N,,N,n/a,N
12n_0645,3,N,,N,n/a,N
12n_0646,3,N,,N,n/a,N
12n_0647,3,N,,N,n/a,N
12n_0648,3,N,,N,n/a,N
12n_0649,3,N,,N,n/a,N
12n_0650,3,N,,N,n/a,N
12n_0651,3,N,,N,n/a,N
12n_0652,3,N,,N,n/a,N
12n_0653,3,N,,N,n/a,N
12n_0654,3,N,,N,n/a,N
12n_0655,3,N,,N,n/a,N
12n_0656,3,N,,N,n/a,N
12n_0657,3,N,,N,n/a,N
12n_0658,3,N,,N,n/a,N
12n_0659,3,N,,N,n/a,N
12n_0660,3,N,,N,n/a,N
12n_0661,3,N,,N,n/a,N
12n_0662,3,N,,N,n/a,N
12n_0663,3,N,,N,n/a,N
12n_0664,3,N,,N,n/a,N
12n_0665,3,N,,N,n/a,N
12n_0666,3,N,,N,n/a,N
12n_0667,3,N,,N,n/a,N
12n_0668,3,N,,N,n/a,N
12n_0669,3,N,,N,n/a,N
12n_0670,3,N,,N,n/a,N
12n_0671,3,N,,N,n/a,N
12n_0672,3,N,,N,n/a,N
12n_0673,3,N,,N,n/a,N
12n_0674,3,N,,N,n/a,N
12n_0675,3,N,,N,n/a,N
12n_0676,3,N,,N,n/a,N
12n_0677,3,N,,N,n/a,N
12n_0678,3,N,,N,n/a,N
12n_0679,3,N,,N,n/a,N
12n_0680,3,N,,N,n/a,N
12n_0681,3,N,,N,n/a,N
12n_0682,3,N,,N,n/a,N
12n_0683,3,N,,N,n/a,N
12n_0684,3,N,,N,n/a,N
12n_0685,3,N,,N,n/a,N
12n_0686,3,N,,N,n/a,N
12n_0687,3,N,,N,n/a,N
12n_0688,3,N,,N,n/a,N
12n_0689,3,N,,N,n/a,N
12n_0690,3,N,,N,n/a,N
12n_0691,3,N,,N,n/a,N
12n_0692,3,N,,N,n/a,N
12n_0693,3,N,,N,n/a,N
12n_0694,3,N,,N,n/a,N
12n_0695,3,N,,N,n/a,N
12n_0696,3,N,,N,n/a,N
12n_0697,3,N,,N,n/a,N
12n_0698,3,N,,N,n/a,N
12n_0699,3,N,,N,n/a,N
12n_0700,3,N,,N,n/a,N
12n_0701,3,N,,N,n/a,N
12n_0702,3,N,,N,n/a,N
12n_0703,3,N,,N,n/a,N
12n_0704,3,N,,N,n/a,N
12n_0705,3,N,,N,n/a,N
12n_0706,3,N,,N,n/a,N
12n_0707,3,N,,N,n/a,N
12n_0708,3,N,,N,n/a,N
12n_0709,3,N,,N,n/a,N
12n_0710,3,N,,N,n/a,N
12n_0711,3,N,,N,n/a,N
12n_0712,3,N,,N,n/a,N
12n_0713,3,N,,N,n/a,N
12n_0714,3,N,,N,n/a,N
12n_0715,3,N,,N,n/a,N
12n_0716,3,N,,N,n/a,N
12n_0717,3,N,,N,n/a,N
12n_0718,3,N,,N,n/a,N
12n_0719,3,N,,N,n/a,N
12n_0720,3,N,,N,n/a,N
12n_0721,3,N,1,Y,"[1/2, 4/5, -4/5]",N
12n_0722,3,N,1,Y,"[1/2, 4/5, -1/5]",N
12n_0723,3,N,1,Y,"[1/2, 4/7, -4/5]",N
12n_0724,3,N,1,Y,"[1/2, 4/7, -1/5]",N
12n_0725,3,N,1,Y,"[1/2, -4/5, 1/5]",N
12n_0726,3,N,1,Y,"[1/2, 4/7, -3/7]",N
12n_0727,3,N,,N,n/a,N
12n_0728,3,N,,N,n/a,N
12n_0729,3,N,,N,n/a,N
12n_0730,3,N,,N,n/a,N
12n_0731,3,N,,N,n/a,N
12n_0732,3,N,,N,n/a,N
12n_0733,3,N,,N,n/a,N
12n_0734,3,N,,N,n/a,N
12n_0735,3,N,,N,n/a,N
12n_0736,3,N,,N,n/a,N
12n_0737,3,N,,N,n/a,N
12n_0738,3,N,,N,n/a,N
12n_0739,3,N,,N,n/a,N
12n_0740,3,N,,N,n/a,N
12n_0741,3,N,,N,n/a,N
12n_0742,3,N,,N,n/a,N
12n_0743,3,N,,N,n/a,N
12n_0744,3,N,,N,n/a,N
12n_0745,3,N,,N,n/a,N
12n_0746,3,N,,N,n/a,N
12n_0747,3,N,,N,n/a,N
12n_0748,3,N,,N,n/a,N
12n_0749,3,N,,N,n/a,N
12n_0750,3,N,,N,n/a,N
12n_0751,3,N,,N,n/a,N
12n_0752,3,N,,N,n/a,N
12n_0753,3,N,,N,n/a,N
12n_0754,3,N,,N,n/a,N
12n_0755,3,N,,N,n/a,N
12n_0756,3,N,,N,n/a,N
12n_0757,3,N,,N,n/a,N
12n_0758,3,N,,N,n/a,N
12n_0759,3,N,,N,n/a,N
12n_0760,3,N,,N,n/a,N
12n_0761,3,N,,N,n/a,N
12n_0762,3,N,,N,n/a,N
12n_0763,3,N,,N,n/a,N
12n_0764,3,N,,N,n/a,N
12n_0765,3,N,,N,n/a,N
12n_0766,3,N,,N,n/a,N
12n_0767,3,N,,N,n/a,N
12n_0768,3,N,,N,n/a,N
12n_0769,3,N,,N,n/a,N
12n_0770,3,N,,N,n/a,N
12n_0771,3,N,,N,n/a,N
12n_0772,3,N,,N,n/a,N
12n_0773,3,N,,N,n/a,N
12n_0774,3,N,,N,n/a,N
12n_0775,3,N,,N,n/a,N
12n_0776,3,N,,N,n/a,N
12n_0777,3,N,,N,n/a,N
12n_0778,3,N,,N,n/a,N
12n_0779,3,N,,N,n/a,N
12n_0780,3,N,,N,n/a,N
12n_0781,3,N,,N,n/a,N
12n_0782,3,N,,N,n/a,N
12n_0783,3,N,,N,n/a,N
12n_0784,3,N,,N,n/a,N
12n_0785,3,N,,N,n/a,N
12n_0786,3,N,,N,n/a,N
12n_0787,3,N,,N,n/a,N
12n_0788,3,N,,N,n/a,N
12n_0789,3,N,,N,n/a,N
12n_0790,3,N,,N,n/a,N
12n_0791,3,N,,N,n/a,N
12n_0792,3,N,,N,n/a,N
12n_0793,3,N,,N,n/a,N
12n_0794,3,N,,N,n/a,N
12n_0795,3,N,,N,n/a,N
12n_0796,3,N,,N,n/a,N
12n_0797,3,N,,N,n/a,N
12n_0798,3,N,,N,n/a,N
12n_0799,3,N,,N,n/a,N
12n_0800,3,N,,N,n/a,N
12n_0801,3,N,,N,n/a,N
12n_0802,3,N,,N,n/a,N
12n_0803,3,N,,N,n/a,N
12n_0804,3,N,,N,n/a,N
12n_0805,3,N,,N,n/a,N
12n_0806,3,N,,N,n/a,N
12n_0807,3,N,,N,n/a,N
12n_0808,3,N,,N,n/a,N
12n_0809,3,N,,N,n/a,N
12n_0810,3,N,,N,n/a,N
12n_0811,3,N,,N,n/a,N
12n_0812,3,N,,N,n/a,N
12n_0813,3,N,,N,n/a,N
12n_0814,3,N,,N,n/a,N
12n_0815,3,N,,N,n/a,N
12n_0816,3,N,,N,n/a,N
12n_0817,3,N,,N,n/a,N
12n_0818,3,N,,N,n/a,N
12n_0819,3,N,,N,n/a,N
12n_0820,3,N,,N,n/a,N
12n_0821,3,N,,N,n/a,N
12n_0822,3,N,,N,n/a,N
12n_0823,3,N,,N,n/a,N
12n_0824,3,N,,N,n/a,N
12n_0825,3,N,,N,n/a,N
12n_0826,3,N,,N,n/a,N
12n_0827,3,N,,N,n/a,N
12n_0828,3,N,,N,n/a,N
12n_0829,3,N,,N,n/a,N
12n_0830,3,N,,N,n/a,N
12n_0831,3,N,,N,n/a,N
12n_0832,3,N,,N,n/a,N
12n_0833,3,N,,N,n/a,N
12n_0834,3,N,,N,n/a,N
12n_0835,3,N,,N,n/a,N
12n_0836,3,N,,N,n/a,N
12n_0837,3,N,,N,n/a,N
12n_0838,3,N,,N,n/a,N
12n_0839,3,N,,N,n/a,N
12n_0840,3,N,,N,n/a,N
12n_0841,3,N,,N,n/a,N
12n_0842,3,N,,N,n/a,N
12n_0843,3,N,,N,n/a,N
12n_0844,3,N,,N,n/a,N
12n_0845,3,N,,N,n/a,N
12n_0846,3,N,,N,n/a,N
12n_0847,3,N,,N,n/a,N
12n_0848,3,N,,N,n/a,N
12n_0849,3,N,,N,n/a,N
12n_0850,3,N,,N,n/a,N
12n_0851,3,N,,N,n/a,N
12n_0852,3,N,,N,n/a,N
12n_0853,3,N,,N,n/a,N
12n_0854,3,N,,N,n/a,N
12n_0855,3,N,,N,n/a,N
12n_0856,3,N,,N,n/a,N
12n_0857,3,N,,N,n/a,N
12n_0858,3,N,,N,n/a,N
12n_0859,3,N,,N,n/a,N
12n_0860,3,N,,N,n/a,N
12n_0861,3,N,,N,n/a,N
12n_0862,3,N,,N,n/a,N
12n_0863,3,N,,N,n/a,N
12n_0864,3,N,,N,n/a,N
12n_0865,3,N,,N,n/a,N
12n_0866,3,N,,N,n/a,N
12n_0867,3,N,,N,n/a,N
12n_0868,3,N,,N,n/a,N
12n_0869,3,N,,N,n/a,N
12n_0870,3,N,,N,n/a,N
12n_0871,3,N,,N,n/a,N
12n_0872,3,N,,N,n/a,N
12n_0873,3,N,,N,n/a,N
12n_0874,3,N,,N,n/a,N
12n_0875,3,N,,N,n/a,N
12n_0876,3,N,,N,n/a,N
12n_0877,3,N,,N,n/a,N
12n_0878,3,N,,N,n/a,N
12n_0879,3,N,,N,n/a,N
12n_0880,3,N,,N,n/a,N
12n_0881,3,N,,N,n/a,N
12n_0882,3,N,,N,n/a,N
12n_0883,3,N,,N,n/a,N
12n_0884,3,N,,N,n/a,N
12n_0885,3,N,,N,n/a,N
12n_0886,3,N,,N,n/a,N
12n_0887,3,N,,N,n/a,N
12n_0888,3,N,,N,n/a,N
